2024/6/1,2024/6/2,2024/6/3,2024/6/4,2024/6/5,2024/6/6,2024/6/7,2024/6/8,2024/6/9,2024/6/10,2024/6/11,2024/6/12,2024/6/13,2024/6/14,2024/6/15,2024/6/16,2024/6/17,2024/6/18,2024/6/19,2024/6/20,2024/6/21,2024/6/22,2024/6/23,2024/6/24,2024/6/25,2024/6/26,2024/6/27,2024/6/28,2024/6/29,2024/6/30,
30,0,30,0,30,0,60,0,0,0,60,40,40,0,0,0,40,40,0,0,40,0,85,0,30,30,40,40,70,75,
0,0,0,0,0,0,0,0,0,0,80,0,0,0,0,0,0,0,0,68,0,0,40,0,30,0,0,0,0,40,
0,85,80,80,0,80,0,0,75,0,75,80,0,80,680 ????,130,90,80,80,80,80,80,85,80,80,0,80,80,80,85,
2375???? ???,???????? ????3400 3680??? ??????,,,,,,,,430?? ??? ????,100??,14019?????,,,250???,,,,,,,,,,,600?????,,,,,
? ??,?,? ??,? ??,? ??,? ??,? ??,? ??,?,? ??,? ????,? ??,? ??,? ??,? ??,?,? ??,? ??,? ??,? ??,? ??,? ??,?,? ??,? ??,? ??,? ??,? ??,? ??,?,
2405,85,110,80,30,80,60,0,75,430,315,14139,40,80,930,130,130,120,80,138,120,80,210,80,140,630,120,120,150,125,21232
,,,,,,,,,,,,,,,,,,,,,,,,,,,,,,
2019/3/1,2019/3/2,2019/3/3,2019/3/4,2019/3/5,2019/3/6,2019/3/7,2019/3/8,2019/3/9,2019/3/10,2019/3/11,2019/3/12,2019/3/13,2019/3/14,2019/3/15,2019/3/16,2019/3/17,2019/3/18,2019/3/19,2019/3/20,2019/3/21,2019/3/22,2019/3/23,2019/3/24,2019/3/25,2019/3/26,2019/3/27,2019/3/28,2019/3/29,2019/3/30,2019/3/31
50,30,35,50,0,0,50,50,50,35,55,35,55,90,75,90,55,65,65,75,50,50,80,35,50,75,75,30,75,40,0
80,60,80,100,85,85,0,100???,60,75,0,20,65,50,50,50,50,35,65,35,0,0???,35,50,50,35,75,50,50,0,185
0,80,80,130,85,80,70,70,75,0,0,0,55,65,75,75,100,35,35,35,0,70?????,35,65,85,0,0,70,60,0,0
,"400 ??? ",650 ????,1000 ???,,,100 ??,171??,,"

",1600 ?????,52 ??,"1000
?????",70??,,,90??,,119 ???????,70??,90??,,90??,,,"90??
152?????????",,,,"1300???
250???",124??
,,,,,,,,,,,,,,,,,,,,,,,,,,,,,,
130,1220,195,280,170,165,140,391,,11262,55,55,1175,205,200,215,205,135,284,215,50,120,240,150,185,262,150,150,185,1590,309
,,,,,,,,,,,,,,,,,,,,,,,,,,,,,,
2019/4/1,2019/4/2,2019/4/3,2019/4/4,2019/4/5,2019/4/6,2019/4/7,2019/4/8,2019/4/9,2019/4/10,2019/4/11,2019/4/12,2019/4/13,2019/4/14,2019/4/15,2019/4/16,2019/4/17,2019/4/18,2019/4/19,2019/4/20,2019/4/21,2019/4/22,2019/4/23,2019/4/24,2019/4/25,2019/4/26,2019/4/27,2019/4/28,2019/4/29,2019/4/30,
45,45,50,45,0,45,0,45,0,45,45,45,40,35,50,50,50,0,40,50,45,50,50,40,0,50,35,50,40,50,
0,0,99,105,0,75,25,15,0,0,0,0,0,40,0,80,80,0,115,0,0,0,0,50,0,0,70,55,0,120,
80,0,75,75,0,0,0,0,0,75,75,90,40,0,40,0,0,0,0,0,0,80,40,40,0,0,40,59,50,0,
,"1000
?????",,,,,,,,57??,110??,"1000??
6854Baubax??",,"200????
170????",,,,1000??,115??,24900???,,,,,,1000?????,1000????95??,,,?????153893,
,,,,,,,,,,,,,,,,,,,,,,,,,,,,,,
125,1045,224,225,0,120,25,60,0,177,230,7989,80,445,90,130,130,1000,270,24950,45,130,90,130,0,1050,1240,164,90,170,40424
,,,,,,,,,,,,,,,,,,,,,,,,,,,,,,
2019/5/1,2019/5/2,2019/5/3,2019/5/4,2019/5/5,2019/5/6,2019/5/7,2019/5/8,2019/5/9,2019/5/10,2019/5/11,2019/5/12,2019/5/13,2019/5/14,2019/5/15,2019/5/16,2019/5/17,2019/5/18,2019/5/19,2019/5/20,2019/5/21,2019/5/22,2019/5/23,2019/5/24,2019/5/25,2019/5/26,2019/5/27,2019/5/28,2019/5/29,2019/5/30,2019/5/31
40,40,50,50,50,65,50,50,0,50,50,50,0,45,0,65,50,45,0,50,70,85,48,78,50,50,43,60,60,60,48
40,140,60,100,0,70,0,80,70,80,0,83,0,0,0,0,0,80,0,75,90,75,75,70,0,0,130,90,75,65,0
40,0,40,0,0,40,40,40,40,40,0,0,0,95,65,0,40,0,0,0,75,40,0,40,40,70,40,0,40,40,40
,,,1000?????,,,,,250??? 128????,150???,,,,,1000?????,,,75????,,,,,85??,,,,200??,,,100??,
,,,,,,,,,,,,,,,,,,,,,,,,,,,,,,
120,180,150,1150,50,175,90,170,488,320,50,50,0,140,1065,65,90,200,0,125,230,200,203,188,90,120,413,150,175,265,88
,,,,,,,,,,,,,,,,,,,,,,,,,,,,,,
2019/6/1,2019/6/2,2019/6/3,2019/6/4,2019/6/5,2019/6/6,2019/6/7,2019/6/8,2019/6/9,2019/6/10,2019/6/11,2019/6/12,2019/6/13,2019/6/14,2019/6/15,2019/6/16,2019/6/17,2019/6/18,2019/6/19,2019/6/20,2019/6/21,2019/6/22,2019/6/23,2019/6/24,2019/6/25,2019/6/26,2019/6/27,2019/6/28,2019/6/29,2019/6/30,
50,50,50,60,65,60,60,70,35,50,60,55,35,55,50,30,55,50,50,45,50,50,0,55,60,0,50,60,50,55,
0,0,0,0,0,0,0,60,0,0,60,70,90,0,45,70,45,120,80,0,0,0,0,85,90,0,65,45,0,0,
65,0,50,40,40,40,60,0,0,0,0,75,40,40,95,0,60,40,90,40,40,0,0,40,40,40,80,40,40,0,
110??,100??,620??,1300????,,1000??,,,,95??,,,,,,,300??,75????,400???,50???,990???,105??,1000??,210??,,,,,2018??,150???,
,,,,,,,,,,,,,,,,,,,,,,,,,,,,,,
225,150,720,1400,105,1100,120,130,35,145,120,200,165,95,190,100,460,285,620,145,1080,155,1000,390,190,40,195,145,2108,205,
,,,,,,,,,,,,,,,,,,,,,,,,,,,,,,
2019/7/1,2019/7/2,2019/7/3,2019/7/4,2019/7/5,2019/7/6,2019/7/7,2019/7/8,2019/7/9,2019/7/10,2019/7/11,2019/7/12,2019/7/13,2019/7/14,2019/7/15,2019/7/16,2019/7/17,2019/7/18,2019/7/19,2019/7/20,2019/7/21,2019/7/22,2019/7/23,2019/7/24,2019/7/25,2019/7/26,2019/7/27,2019/7/28,2019/7/29,2019/7/30,2019/7/31
65,63,60,65,50,45,0,35,50,35,55,35,65,0,70,35,35,35,35,50,50,35,65,35,55,60,45,50,65,35,65
90,75,75,90,100,45,70,75,75,75,75,0,93,0,0,127,70,70,0,0,0,75,0,75,60,40,0,70,80,0,80
0,95,40,40,40,55,110,70,40,50,70,65,65,70,65,65,65,80,75,70,0,65,65,70,65,65,60,0,65,65,70
,,,,,1000??,,95??,,4000???,,,1000 ?????,,,,,,,450???,,,,,370??,,,105??,,1000?????,
,,,,,,,,,,,,,,,,,,,,,,,,,,,,,,
155,233,175,195,190,1145,180,270,165,4160,200,100,1223,70,135,227,170,185,110,570,50,175,130,180,550,165,105,225,210,1100,215
,,,,,,,,,,,,,,,,,,,,,,,,,,,,,,
2019/8/1,2019/8/2,2019/8/3,2019/8/4,2019/8/5,2019/8/6,2019/8/7,2019/8/8,2019/8/9,2019/8/10,2019/8/11,2019/8/12,2019/8/13,2019/8/14,2019/8/15,2019/8/16,2019/8/17,2019/8/18,2019/8/19,2019/8/20,2019/8/21,2019/8/22,2019/8/23,2019/8/24,2019/8/25,2019/8/26,2019/8/27,2019/8/28,2019/8/29,2019/8/30,2019/8/31
35,48,70,0,55,50,35,35,50,50,0,35,35,35,70,65,55,0,35,35,55,65,35,75,0,35,35,35,35,35,55
90,90,30,0,70,65,70,75,65,70,0,70,70,40,70,70,70,0,60,60,90,60,65,55,0,80,70,90,0,0,80
65,65,90,0,65,0,70,70,70,0,0,70,65,65,70,70,70,0,70,70,70,70,70,0,60,40,40,40,40,0,0
20??,250???,111??,40???,,980??,,,778??,,,,,,,,100??,120??,1600????,,,,20???,20???,1000?????,20???,20???,,,790????,
,,,,,,,,,,,,,,,,,,,,,,,,,,,,,,
210,453,301,40,190,1095,175,180,963,120,0,175,170,140,210,205,295,120,1765,165,215,195,190,150,1060,175,165,165,75,825,135
,,,,,,,,,,,,,,,,,,,,,,,,,,,,,,
2019/9/1,2019/9/2,2019/9/3,2019/9/4,2019/9/5,2019/9/6,2019/9/7,2019/9/8,2019/9/9,2019/9/10,2019/9/11,2019/9/12,2019/9/13,2019/9/14,2019/9/15,2019/9/16,2019/9/17,2019/9/18,2019/9/19,2019/9/20,2019/9/21,2019/9/22,2019/9/23,2019/9/24,2019/9/25,2019/9/26,2019/9/27,2019/9/28,2019/9/29,2019/9/30,
0,50,0,40,0,50,0,0,50,0,0,30,0,0,0,40,0,0,0,0,0,0,30,0,0,30,0,0,0,30,
0,0,0,0,0,0,0,0,0,0,0,0,0,0,0,0,0,0,0,0,0,0,0,0,0,0,0,0,0,0,
0,0,0,0,70,0,0,0,0,0,0,0,0,0,0,0,0,0,0,0,0,0,0,0,0,0,0,0,0,0,
,108??,93??,150??,13000???,,110?????,,,1000?????,20???,,115??,20???,,600??,100??,,1600????,250???,116??,1000?????,,120???,,866steam,,,,,
,,,,,,,,,,,,,,,,,,,,,,,,,,,,,,
0,158,93,190,13070,50,110,0,50,1000,20,30,115,20,0,640,0,0,1600,250,116,1000,30,120,0,866,0,0,0,30,19558
,,,,,,,,,,,,,,,,,,,,,,,,,,,,,,
2019/10/1,2019/10/2,2019/10/3,2019/10/4,2019/10/5,2019/10/6,2019/10/7,2019/10/8,2019/10/9,2019/10/10,2019/10/11,2019/10/12,2019/10/13,2019/10/14,2019/10/15,2019/10/16,2019/10/17,2019/10/18,2019/10/19,2019/10/20,2019/10/21,2019/10/22,2019/10/23,2019/10/24,2019/10/25,2019/10/26,2019/10/27,2019/10/28,2019/10/29,2019/10/30,2019/10/31
0,55,50,50,50,45,55,0,45,55,55,0,0,35,35,35,35,30,45,0,45,25,35,49,50,0,370,55,65,35,35
120,70,70,70,70,0,70,70,90,89,0,0,0,0,0,0,90,0,0,0,90,0,70,0,69,79,0,65,40,59,0
70,0,130,0,38,120,0,0,70,70,0,0,0,0,0,0,0,0,120,0,50,40,0,149,0,0,0,0,0,0,70
90??,32???,40???,20??,60???,,38???,250???,110??,5500???,1000?????,,381???,,,99??,30??,256foodpanda,,55ubereats,,,,,,1000??,100??,,,250???,1000???
,,,,,,,,,,,,,,,,,,,,,,,,,,,,,,
280,157,290,140,218,165,163,320,225,5714,1055,0,381,35,35,134,155,286,165,55,185,65,105,198,119,1079,470,120,105,344,1105
,,,,,,,,,,,,,,,,,,,,,,,,,,,,,,
2019/11/1,2019/11/2,2019/11/3,2019/11/4,2019/11/5,2019/11/6,2019/11/7,2019/11/8,2019/11/9,2019/11/10,2019/11/11,2019/11/12,2019/11/13,2019/11/14,2019/11/15,2019/11/16,2019/11/17,2019/11/18,2019/11/19,2019/11/20,2019/11/21,2019/11/22,2019/11/23,2019/11/24,2019/11/25,2019/11/26,2019/11/27,2019/11/28,2019/11/29,2019/11/30,
55,45,0,35,55,45,65,35,90,0,35,0,55,0,55,50,0,35,35,55,35,35,55,0,35,35,35,35,35,45,
100,0,0,55,60,40,60,80,0,0,90,0,0,0,0,0,0,0,0,0,0,40,60,0,40,40,0,40,35,65,
70,0,0,0,80,0,0,0,0,0,0,0,0,0,0,0,0,0,0,0,0,0,0,0,0,0,0,0,0,0,
1750????,,381??,,52??,260??,,,,634???,110??,,1000 ????,,1000??,,1000?????,,250???,2000????,,800???????,,,,90??,39??,,,106??,
,,,,,,,,,,,,,,,,,,,,,,,,,,,,,,
1975,45,381,90,247,345,125,115,90,634,235,0,1055,0,1055,50,1000,35,285,2055,35,875,115,0,75,165,74,75,70,216,11517
,,,,,,,,,,,,,,,,,,,,,,,,,,,,,,
2019/12/1,2019/12/2,2019/12/3,2019/12/4,2019/12/5,2019/12/6,2019/12/7,2019/12/8,2019/12/9,2019/12/10,2019/12/11,2019/12/12,2019/12/13,2019/12/14,2019/12/15,2019/12/16,2019/12/17,2019/12/18,2019/12/19,2019/12/20,2019/12/21,2019/12/22,2019/12/23,2019/12/24,2019/12/25,2019/12/26,2019/12/27,2019/12/28,2019/12/29,2019/12/30,2019/12/31
0,35,35,35,35,35,35,0,0,35,35,35,35,45,0,35,35,35,35,35,45,40,35,35,35,35,35,85,0,55,55
0,0,65,60,0,0,80,0,0,0,0,70,100,120,0,160,100,0,80,35,0,0,50,50,0,50,100,80,80,25,100
0,0,0,0,0,0,65,0,0,0,0,0,0,0,0,0,0,0,0,0,0,0,72,0,0,0,70,0,0,70,70
,,300????,,,,250???,1000??,,2400??,,,,,,,,,,,,390??,100??,,,,65??,,,,700??
,,,,,,,,,,,,,,,,,,,,,,,,,,,,,,
0,35,400,95,35,35,430,1000,0,2435,35,105,135,165,0,195,135,35,115,70,45,430,257,85,35,85,270,165,80,150,925
,,,,,,,,,,4500,,,,,,,,,,,,,,,,,,,,
2020/1/1,2020/1/2,2020/1/3,2020/1/4,2020/1/5,2020/1/6,2020/1/7,2020/1/8,2020/1/9,2020/1/10,2020/1/11,2020/1/12,2020/1/13,2020/1/14,2020/1/15,2020/1/16,2020/1/17,2020/1/18,2020/1/19,2020/1/20,2020/1/21,2020/1/22,2020/1/23,2020/1/24,2020/1/25,2020/1/26,2020/1/27,2020/1/28,2020/1/29,2020/1/30,2020/1/31
0,55,55,85,0,55,55,55,55,55,0,0,55,55,55,45,0,75,0,0,60,55,0,0,0,0,0,0,0,0,0
0,0,0,100,0,10,0,75,0,0,0,0,0,60,0,0,70,0,0,0,0,0,0,0,0,0,0,0,0,0,0
0,0,0,0,0,0,0,0,0,0,0,0,0,0,0,0,300,0,0,65,0,0,0,0,199,0,0,200,0,0,80
40??,,,,,20??,,,,,3382??,,,570????,,,,,,,,27160??,,,,,,70???,,,2020????
,,,,,,,,,,,,,,,,,,,,,,,,,,,,,,
40,55,55,185,0,75,55,130,55,55,3382,0,55,685,55,45,370,75,0,65,60,27215,0,0,199,0,0,,,,
,,,,,,,,,,4087,,,,,,,,,,,,,,,,,,,,
2020/2/1,2020/2/2,2020/2/3,2020/2/4,2020/2/5,2020/2/6,2020/2/7,2020/2/8,2020/2/9,2020/2/10,2020/2/11,2020/2/12,2020/2/13,2020/2/14,2020/2/15,2020/2/16,2020/2/17,2020/2/18,2020/2/19,2020/2/20,2020/2/21,2020/2/22,2020/2/23,2020/2/24,2020/2/25,2020/2/26,2020/2/27,2020/2/28,2020/2/29,,
0,0,55,55,55,60,60,0,0,55,55,0,55,55,55,0,55,55,55,55,55,85,0,55,55,55,55,45,50,,
0,0,100,0,100,60,0,0,0,0,40,0,130,0,0,0,65,65,65,100,75,75,0,0,50,70,75,0,80,,
0,0,0,0,0,0,0,0,0,0,0,100???,0,0,0,0,0,0,0,0,0,0,0,0,0,0,0,0,0,,
,,,,3150??,,,34448???,,,,10??,320???,,,,,,,,,,90??,,,,,,,,
,,,,,,,,,,,,,,,,,,,,,,,,,,,,,,
0,0,155,55,3305,120,60,34448,0,55,95,110,505,55,55,0,120,120,120,155,135,160,90,55,105,125,130,45,130,40508,
,,,,,,,,,,,,,,,,,,,,,,,,,,,,,,
2020/3/1,2020/3/2,2020/3/3,2020/3/4,2020/3/5,2020/3/6,2020/3/7,2020/3/8,2020/3/9,2020/3/10,2020/3/11,2020/3/12,2020/3/13,2020/3/14,2020/3/15,2020/3/16,2020/3/17,2020/3/18,2020/3/19,2020/3/20,2020/3/21,2020/3/22,2020/3/23,2020/3/24,2020/3/25,2020/3/26,2020/3/27,2020/3/28,2020/3/29,2020/3/30,2020/3/31
0,50,30,50,50,40,70,0,0,45,0,72,55,60,75,65,55,55,55,55,50,25,55,55,55,55,55,0,0,55,35
0,0,100,75,75,0,0,85,0,0,0,85,60,70,0,70,80,0,0,80,80,65,85,80,0,60,60,80,0,100,70
80,70,70,70,70,70,0,0,80,0,0,0,0,0,0,0,70,65,70,65,65,0,0,0,0,0,0,0,0,0,0
,,,,,250???,,,,,,,19??,,,,,78??,,,,,,1250???,,,,,,3700 ????,
,,,,,,,,,,,,,,,,,,,,,,,,,,,,,,
80,120,200,195,195,360,70,85,80,45,0,157,134,130,75,135,205,198,125,200,195,90,140,1380,55,115,115,80,,3855,105
,,,,,,,,,,,,,,,,,,,,,,,,,,,,,,
2020/4/1,2020/4/2,2020/4/3,2020/4/4,2020/4/5,2020/4/6,2020/4/7,2020/4/8,2020/4/9,2020/4/10,2020/4/11,2020/4/12,2020/4/13,2020/4/14,2020/4/15,2020/4/16,2020/4/17,2020/4/18,2020/4/19,2020/4/20,2020/4/21,2020/4/22,2020/4/23,2020/4/24,2020/4/25,2020/4/26,2020/4/27,2020/4/28,2020/4/29,2020/4/30,
35,50,0,0,0,55,35,45,35,0,45,0,35,35,45,25,80,60,30,35,35,35,35,0,40,0,0,35,55,55,
0,20,0,0,0,0,90,60,0,0,0,0,30,50,50,0,50,50,0,50,0,85,50,50,50,0,0,0,0,50,
0,0,0,0,0,70,0,0,0,0,450??,0,250???,0,70,90,65,0,0,0,70,80,0,0,0,0,0,0,0,70,
,,,,,,,,,11466???,40??,,,,,,,,,,,,365??,,,,1000??????,,,,
,,,,,,,,,,,,,,,,,,,,,,,,,,,,,,
35,70,0,0,0,125,125,105,35,11466,535,0,315,85,165,115,195,110,30,85,105,200,450,50,90,0,1000,35,55,175,15756
,,,,,,,,,,,,,,,,,,,,,,,,,,,,,,
2020/5/1,2020/5/2,2020/5/3,2020/5/4,2020/5/5,2020/5/6,2020/5/7,2020/5/8,2020/5/9,2020/5/10,2020/5/11,2020/5/12,2020/5/13,2020/5/14,2020/5/15,2020/5/16,2020/5/17,2020/5/18,2020/5/19,2020/5/20,2020/5/21,2020/5/22,2020/5/23,2020/5/24,2020/5/25,2020/5/26,2020/5/27,2020/5/28,2020/5/29,2020/5/30,2020/5/31
50,50,0,35,35,35,35,35,50,0,35,35,35,35,40,0,0,35,35,35,35,40,50,0,35,35,50,0,45,60,0
50,0,0,75,0,0,60,70,0,0,80,90,70,90,70,65,0,90,90,0,85,80,95,0,0,70,0,85,80,60,0
65,0,0,0,0,65,70,70,0,0,65,65,80,65,70,70,0,0,65,80,30,30,0,0,0,70,0,70,0,0,0
,,,,,,,,,5886,,,,,,,,,,250???,,,,,,,,,,,
,,,,,,,,,,,,,,,,,,,,,,,,,,,,,,
165,50,0,110,35,100,165,175,50,5886,180,190,185,190,180,135,0,125,190,365,150,150,145,0,35,175,50,155,125,120,0
,,,,,,,,,,,,,,,,,,,,,,,,,,,,,,
2020/6/1,2020/6/2,2020/6/3,2020/6/4,2020/6/5,2020/6/6,2020/6/7,2020/6/8,2020/6/9,2020/6/10,2020/6/11,2020/6/12,2020/6/13,2020/6/14,2020/6/15,2020/6/16,2020/6/17,2020/6/18,2020/6/19,2020/6/20,2020/6/21,2020/6/22,2020/6/23,2020/6/24,2020/6/25,2020/6/26,2020/6/27,2020/6/28,2020/6/29,2020/6/30,
35,35,45,0,35,63,0,35,35,48,48,30,30,0,35,35,0,35,0,55,0,35,65,65,45,45,80,0,35,35,
80,60,70,70,80,50,0,130,75,20,70,75,95,0,0,70,65,0,65,70,0,0,40,40,70,55,0,0,0,0,
0,0,0,0,45,0,0,70,70,70,48,80,65,0,0,0,0,0,0,0,0,0,0,0,0,0,0,0,0,0,
,,699??,,,,,,,499???,20??,24159?????,,,40??,50??,,,,,,250???,,,,,,,,,
,,,,,,,,,,,,,,,,,,,,,,,,,,,,,,
115,95,814,70,160,113,0,235,180,637,186,185,190,0,75,155,65,35,65,125,0,285,105,105,115,100,80,0,35,35,4360
,,,,,,,,,,,,,,,,,,,,,,,,,,,,,,
2020/7/1,2020/7/2,2020/7/3,2020/7/4,2020/7/5,2020/7/6,2020/7/7,2020/7/8,2020/7/9,2020/7/10,2020/7/11,2020/7/12,2020/7/13,2020/7/14,2020/7/15,2020/7/16,2020/7/17,2020/7/18,2020/7/19,2020/7/20,2020/7/21,2020/7/22,2020/7/23,2020/7/24,2020/7/25,2020/7/26,2020/7/27,2020/7/28,2020/7/29,2020/7/30,2020/7/31
0,0,0,0,0,0,50????,120???,0,0,0,0,0,60,0,0,0,0,140,0,0,0,0,30,0,0,25,25,25,0,25
70,80,0,0,0,0,0,0,0,0,70,0,0,0,0,0,50,0,70,65,65,70,250,48,70,0,0,0,0,70,0
0,0,0,0,0,0,0,0,0,0,0,60,0,0,0,0,90,0,0,0,0,0,80,0,0,70,65,0,0,0,80
,,,,,,,1200?????,,3832????,,,,,20??,,,,,,,,,,,,,,,,
,,,,,,,,,,,,,,,,,,,,,,,,,,,,,,
70,80,0,0,0,0,50,1320,0,3832,70,60,0,60,20,0,140,0,210,65,65,70,330,78,70,70,90,25,25,70,105
,,,,,,,,,,,,,,,,,,,,,,,,,,,,,,
2020/8/1,2020/8/2,2020/8/3,2020/8/4,2020/8/5,2020/8/6,2020/8/7,2020/8/8,2020/8/9,2020/8/10,2020/8/11,2020/8/12,2020/8/13,2020/8/14,2020/8/15,2020/8/16,2020/8/17,2020/8/18,2020/8/19,2020/8/20,2020/8/21,2020/8/22,2020/8/23,2020/8/24,2020/8/25,2020/8/26,2020/8/27,2020/8/28,2020/8/29,2020/8/30,2020/8/31
0,0,20,20,25,20,20,0,0,30,20,20,20,20,0,0,20,20,20,20,20,0,0,20,20,20,20,20,0,0,20
80,0,70,70,70,50,50,0,0,70,50,40,40,70,0,0,40,30,70,40,40,0,0,80,55,40,50,0,0,85,40
70,0,70,0,0,0,0,0,0,0,0,0,0,0,0,0,0,0,0,0,0,70,0,0,0,0,0,250???,0,0,0
,,,,,,,,,,3939????,,,385???,,,,,,,,,50??,,,,,850??,,,
,,,,,,,,,,,,,,,,,,,,,,,,,,,,,,
150,0,160,90,95,70,70,0,0,100,4009,60,60,475,0,0,60,50,90,60,60,70,50,100,75,60,70,1120,0,85,60
,,,,,,,,,,,,,,,,,,,,,,,,,,,,,,
2020/9/1,2020/9/2,2020/9/3,2020/9/4,2020/9/5,2020/9/6,2020/9/7,2020/9/8,2020/9/9,2020/9/10,2020/9/11,2020/9/12,2020/9/13,2020/9/14,2020/9/15,2020/9/16,2020/9/17,2020/9/18,2020/9/19,2020/9/20,2020/9/21,2020/9/22,2020/9/23,2020/9/24,2020/9/25,2020/9/26,2020/9/27,2020/9/28,2020/9/29,2020/9/30,
20,20,20,20,0,0,20,20,20,20,20,0,0,20,20,20,20,20,85,0,20,20,20,20,20,20,0,20,20,20,
70,70,0,0,0,0,65,80,50,50,50,0,0,0,50,0,0,20,0,0,50,50,25,85,50,110,0,50,70,50,
0,0,70,0,0,0,0,0,0,0,0,0,0,0,0,0,0,0,70,50,0,0,0,0,0,0,0,0,0,250,
,,,,,,,,,,,,,,,,,5319????,,,,24790??,,,,,,,,,
,,,,,,,,,,,,,,,,,,,,,,,,,,,,,,
90,90,90,20,0,0,85,100,70,70,70,0,0,20,70,20,20,5359,155,50,70,24860,45,105,70,130,0,70,90,320,32139
,,,,,,,,,,,,,,,,,,,,,,,,,,,,,,
2020/10/1,2020/10/2,2020/10/3,2020/10/4,2020/10/5,2020/10/6,2020/10/7,2020/10/8,2020/10/9,2020/10/10,2020/10/11,2020/10/12,2020/10/13,2020/10/14,2020/10/15,2020/10/16,2020/10/17,2020/10/18,2020/10/19,2020/10/20,2020/10/21,2020/10/22,2020/10/23,2020/10/24,2020/10/25,2020/10/26,2020/10/27,2020/10/28,2020/10/29,2020/10/30,2020/10/31
80,0,50,70,25,20,20,20,0,0,0,20,20,20,20,20,70,0,20,0,0,0,0,0,0,0,0,0,50,0,0
0,0,0,0,70,60,20,30,70,70,0,70,20,30,50,60,0,0,80,70,65,50,50,0,0,60,70,50,0,30,0
0,0,0,0,0,0,0,209,0,0,0,0,30,0,0,210,0,0,0,0,0,0,0,0,0,0,0,120??,0,140,0
70?,,,,,,,,,,,,3210?????,,,,250???,,,,,,,100??,,,,,209??,,
,,,,,,,,,,,,,,,,,,,,,,,,,,,,,,
150,0,50,70,95,80,40,259,70,70,0,90,3280,50,70,290,320,0,100,70,65,50,50,100,0,60,70,170,260,170,0
,,,,,,,,,,,,,,,,,,,,,,,,,,,,,,
2020/11/1,2020/11/2,2020/11/3,2020/11/4,2020/11/5,2020/11/6,2020/11/7,2020/11/8,2020/11/9,2020/11/10,2020/11/11,2020/11/12,2020/11/13,2020/11/14,2020/11/15,2020/11/16,2020/11/17,2020/11/18,2020/11/19,2020/11/20,2020/11/21,2020/11/22,2020/11/23,2020/11/24,2020/11/25,2020/11/26,2020/11/27,2020/11/28,2020/11/29,2020/11/30,
0,0,0,0,0,0,0,0,0,0,0,0,0,0,0,0,0,0,70,0,80,0,0,0,0,0,0,0,0,0,
0,70,60,70,100,70,0,0,50,0,0,0,0,0,0,70,0,0,75,80,0,0,0,0,0,0,0,0,50,0,
0,0,0,150????,80,120,70,120,120,0,0,80,0,0,0,0,80,0,0,0,0,0,80,0,0,0,29,0,0,0,
,,190????,727GooglePlay??,,,,,,,5108?????????,,,,,,,,,,,,,,,,139????,,250???,,
,,,,,,,,,,,,,,,,,,,,,,,,,,,,,,
0,70,250,947,180,190,70,120,170,0,0,80,0,0,0,70,80,0,145,80,80,0,80,0,0,0,168,0,300,0,
,,,,,,,,,,,,,,,,,,,,,,,,,,,,,,
2020/12/1,2020/12/2,2020/12/3,2020/12/4,2020/12/5,2020/12/6,2020/12/7,2020/12/8,2020/12/9,2020/12/10,2020/12/11,2020/12/12,2020/12/13,2020/12/14,2020/12/15,2020/12/16,2020/12/17,2020/12/18,2020/12/19,2020/12/20,2020/12/21,2020/12/22,2020/12/23,2020/12/24,2020/12/25,2020/12/26,2020/12/27,2020/12/28,2020/12/29,2020/12/30,2020/12/31
0,0,0,25,0,65,0,20,0,20,0,0,0,0,0,0,70,0,50,50,0,0,0,25,30,0,0,0,0,0,0
0,0,0,0,0,0,0,60,90,0,65,80,0,80,0,750,0,0,0,0,0,0,0,0,0,0,0,0,0,0,0
70,70,0,0,0,150,80,0,0,80,0,0,0,0,135,80,0,0,0,0,0,0,0,0,0,95????,0,130,0,80,0
,,,,,,,,,,973,,,,,,,5900??,,,,100???,,,,260??????,,1000??????,,,
,,,,,,,,,,,,,,,,,,,,,,,,,,,,,,
70,70,0,25,0,215,80,80,90,100,1038,80,0,80,135,830,70,5900,50,50,0,100,0,25,30,305,0,1130,0,80,0
,,,,,,,,,,,,,,,,,,,,,,,,,,,,,,
2021/1/1,2021/1/2,2021/1/3,2021/1/4,2021/1/5,2021/1/6,2021/1/7,2021/1/8,2021/1/9,2021/1/10,2021/1/11,2021/1/12,2021/1/13,2021/1/14,2021/1/15,2021/1/16,2021/1/17,2021/1/18,2021/1/19,2021/1/20,2021/1/21,2021/1/22,2021/1/23,2021/1/24,2021/1/25,2021/1/26,2021/1/27,2021/1/28,2021/1/29,2021/1/30,2021/1/31
60,0,0,0,0,0,29,0,0,0,0,0,0,25,0,0,0,50,30,30,30,30,0,0,30,30,30,30,30,50,60
0,0,0,0,0,0,0,0,0,80,0,0,0,0,0,0,0,0,0,0,0,0,0,0,0,0,0,0,0,0,0
0,0,0,0,70,60,100,119,119,0,119,0,75,0,0,0,0,0,0,0,0,129,100,115,0,70,70,0,0,0,0
,,,,,2600??? ??? ???,,,800????,,250???,,,9039???,,,,,,,,,100,600??,,150??,,,,,
,,,,,,,,,,,,,,,,,,,,,,,,,,,,,,
60,0,0,0,70,2660,129,119,919,80,369,0,75,9064,0,0,0,50,30,30,30,159,200,715,30,250,100,30,30,50,60
,,,,,,,,,,,,,,,,,,,,,,,,,,,,,,
2021/2/1,2021/2/2,2021/2/3,2021/2/4,2021/2/5,2021/2/6,2021/2/7,2021/2/8,2021/2/9,2021/2/10,2021/2/11,2021/2/12,2021/2/13,2021/2/14,2021/2/15,2021/2/16,2021/2/17,2021/2/18,2021/2/19,2021/2/20,2021/2/21,2021/2/22,2021/2/23,2021/2/24,2021/2/25,2021/2/26,2021/2/27,2021/2/28,,,
30,30,30,30,30,60,60,30,30,0,45,0,80,60,0,0,30,30,30,0,0,30,30,30,30,30,0,85,,,
0,0,0,0,0,0,0,0,0,0,0,0,0,0,0,0,0,0,0,0,250,0,0,0,0,0,0,0,,,
0,0,45,99,70,0,0,0,75,0,0,0,0,0,0,0,0,85,70,280,45900,450??,95,85,140,0,80,0,,,
,,,,,,3745????,,,,,,,,,,,,,,,,,,,,,,,,
,,,,,,,,,,,,,,,,,,,,,,,,,,,,,,
30,30,75,129,100,60,3805,30,105,0,45,0,80,60,0,0,30,115,100,280,46150,480,125,115,170,30,80,85,52309,,
,,,,,,,,,,,,,,,,,,,,,,,,,,,,,,
2021/3/1,2021/3/2,2021/3/3,2021/3/4,2021/3/5,2021/3/6,2021/3/7,2021/3/8,2021/3/9,2021/3/10,2021/3/11,2021/3/12,2021/3/13,2021/3/14,2021/3/15,2021/3/16,2021/3/17,2021/3/18,2021/3/19,2021/3/20,2021/3/21,2021/3/22,2021/3/23,2021/3/24,2021/3/25,2021/3/26,2021/3/27,2021/3/28,2021/3/29,2021/3/30,2021/3/31
0,30,30,30,30,0,100????,30,30,30,30,30,0,70,30,30,30,30,30,0,60,30,30,30,30,30,30,50,30,30,30
0,0,0,0,0,0,110??,0,0,0,0,0,0,0,0,0,0,0,0,0,70,0,0,0,0,0,0,0,0,0,0
80,0,0,80,0,80,0,0,0,0,0,45,0,70,80,0,70,70,0,110,80,70,70,70,70,70,70,0,70,70,70
,,,,,,,,4063???,,,,,,,,,,,,,,,,,,,,,,
,,,,,,,,,,,,,,,,,,,,,,,,,,,,,,
80,30,30,110,30,80,210,30,4093,30,30,75,0,140,110,30,100,100,30,110,210,100,100,100,100,100,100,50,100,100,100
,,,,,,,,,,,,,,,,,,,,,,,,,,,,,,
2021/4/1,2021/4/2,2021/4/3,2021/4/4,2021/4/5,2021/4/6,2021/4/7,2021/4/8,2021/4/9,2021/4/10,2021/4/11,2021/4/12,2021/4/13,2021/4/14,2021/4/15,2021/4/16,2021/4/17,2021/4/18,2021/4/19,2021/4/20,2021/4/21,2021/4/22,2021/4/23,2021/4/24,2021/4/25,2021/4/26,2021/4/27,2021/4/28,2021/4/29,2021/4/30,
30,70,0,60,0,30,30,30,30,40,50,30,30,30,30,0,0,40,30,30,30,30,30,0,0,30,30,30,30,50,
0,50,0,0,0,0,0,0,0,0,0,0,0,0,0,0,0,70,0,0,0,0,0,70,110,0,0,0,0,0,
70,0,0,0,70,70,70,70,0,0,0,70,70,45,50,110,110,0,150,95,75,60,70,100,80,70,0,1350??,0,0,
,,,,,,,,250???,450??,11560???,,,,,,,,,,,,,,,,,,,1599????,
,,,,,,,,,,,,,,,,,,,,,,,,,,,,,,
100,120,0,60,70,100,100,100,280,490,11610,10,100,75,80,110,110,110,180,125,105,90,100,170,190,100,30,1380,30,1650,17775
,,,,,,,,,,,,,,,,,,,,,,,,,,,,,,
2021/5/1,2021/5/2,2021/5/3,2021/5/4,2021/5/5,2021/5/6,2021/5/7,2021/5/8,2021/5/9,2021/5/10,2021/5/11,2021/5/12,2021/5/13,2021/5/14,2021/5/15,2021/5/16,2021/5/17,2021/5/18,2021/5/19,2021/5/20,2021/5/21,2021/5/22,2021/5/23,2021/5/24,2021/5/25,2021/5/26,2021/5/27,2021/5/28,2021/5/29,2021/5/30,2021/5/31
0,0,30,30,30,30,30,0,0,30,30,30,30,30,60,30,30,30,30,30,30,60,0,30,30,0,120,70,0,0,60
0,70,0,0,0,0,0,0,0,54,0,0,0,0,0,70,0,0,0,70,60,70,0,0,70,0,0,0,0,0,0
0,80,45,70,70,70,99,70,0,0,65??,70,70,70,0,0,70,70,70,70,70,0,0,70,0,0,0,0,0,0,0
,,,5000,,,,,,,1400??,,,,,,,,,,,,,,,????????102965,,,,,
,,,,,,,,,,,,,,,,,,,,,,,,,,,,,,
0,150,75,5100,100,100,129,70,0,84,1495,100,100,100,60,100,100,100,100,170,160,130,0,100,100,0,120,70,0,0,60
,,,,,,,,,,,,,,,,,,,,,,,,,,,,,,
2021/6/1,2021/6/2,2021/6/3,2021/6/4,2021/6/5,2021/6/6,2021/6/7,2021/6/8,2021/6/9,2021/6/10,2021/6/11,2021/6/12,2021/6/13,2021/6/14,2021/6/15,2021/6/16,2021/6/17,2021/6/18,2021/6/19,2021/6/20,2021/6/21,2021/6/22,2021/6/23,2021/6/24,2021/6/25,2021/6/26,2021/6/27,2021/6/28,2021/6/29,2021/6/30,
60,60,60,60,0,0,60,60,60,0,60,0,0,0,60,60,60,0,0,0,60,60,60,60,60,0,0,60,60,60,
0,0,0,0,0,0,0,0,0,0,0,0,0,0,0,0,0,0,0,0,0,0,0,0,0,0,0,0,0,0,
0,0,0,0,0,0,0,200,0,0,0,0,0,0,0,0,0,0,0,80,70,0,0,0,0,50,95,0,0,75,
,,,,,,,,,4528???,,,,,,,,,,,,,,,,,18500?? ? ????,30Google????,,,
,,,,,,,,,,,,,,,,,,,,,,,,,,,,,,
60,60,60,60,0,0,60,260,60,4528,60,0,0,0,60,60,60,0,0,80,130,60,60,60,60,50,18595,90,60,135,24768
,,,,,,,,,,,,,,,,,,,,,,,,,,,,,,
2021/7/1,2021/7/2,2021/7/3,2021/7/4,2021/7/5,2021/7/6,2021/7/7,2021/7/8,2021/7/9,2021/7/10,2021/7/11,2021/7/12,2021/7/13,2021/7/14,2021/7/15,2021/7/16,2021/7/17,2021/7/18,2021/7/19,2021/7/20,2021/7/21,2021/7/22,2021/7/23,2021/7/24,2021/7/25,2021/7/26,2021/7/27,2021/7/28,2021/7/29,2021/7/30,2021/7/31
60,60,0,60,60,60,60,60,35,35,35,70,70,70,70,70,35,70,70,70,40,70,0,35,40,40,40,40,40,40,0
0,0,250???,0,70,0,0,0,0,0,0,0,0,0,0,0,0,0,0,0,0,0,0,0,0,0,0,0,0,0,0
65,70,215Uber,272,0,70,0,0,249,279,70,70,0,120,110,70,0,110,70,0,70,0,80,214,99,99,70,80,0,99,100
,,,,,,,,2600????????,,,,,,,,,,,,,,,,,,,,,,
,,,,,,,,,,,,,,,,,,,,,,,,,,,,,,
125,130,465,332,130,130,60,60,2884,314,105,140,70,190,180,140,35,180,140,70,110,70,80,249,139,193,110,120,40,139,100
,,,,,,,,,,,,,,,,,,,,,,,,,,,,,,
2021/8/1,2021/8/2,2021/8/3,2021/8/4,2021/8/5,2021/8/6,2021/8/7,2021/8/8,2021/8/9,2021/8/10,2021/8/11,2021/8/12,2021/8/13,2021/8/14,2021/8/15,2021/8/16,2021/8/17,2021/8/18,2021/8/19,2021/8/20,2021/8/21,2021/8/22,2021/8/23,2021/8/24,2021/8/25,2021/8/26,2021/8/27,2021/8/28,2021/8/29,2021/8/30,2021/8/31
0,0,40,40,40,45,45,0,40,45,40,45,30,0,80,65,65,65,65,65,0,0,65,65,65,65,65,0,0,40,60
0,70,80,90,0,0,0,164,0,0,0,0,60,0,0,0,0,0,0,0,0,0,0,0,0,0,0,0,70,85,0
90,0,30,174,70,170,170,0,70,80,99,0,160,0,0,0,0,0,0,0,75,150,95,50,0,0,0,0,0,70,70
,,,,,,,250???,1600??,1490??,5771????,,,,,,,,,,,,,,,,,,,2108??????,
,,,,,,,,,,,,,,,,,,,,,,,,,,,,,,
90,70,150,304,110,215,215,414,1710,1615,5910,45,250,0,80,65,65,65,65,65,75,150,160,115,65,65,65,0,70,2303,130
,,,,,,,,,,,,,,,,,,,,,,,,,,,,,,
2021/9/1,2021/9/2,2021/9/3,2021/9/4,2021/9/5,2021/9/6,2021/9/7,2021/9/8,2021/9/9,2021/9/10,2021/9/11,2021/9/12,2021/9/13,2021/9/14,2021/9/15,2021/9/16,2021/9/17,2021/9/18,2021/9/19,2021/9/20,2021/9/21,2021/9/22,2021/9/23,2021/9/24,2021/9/25,2021/9/26,2021/9/27,2021/9/28,2021/9/29,2021/9/30,
60,60,60,0,60,65,65,65,65,65,80,0,65,55,70,60,80,0,20,0,20,80,80,80,20,0,80,80,80,0,
0,0,0,0,0,0,0,0,0,0,0,0,0,0,0,0,0,0,0,0,0,0,0,0,0,0,0,0,0,0,
40,0,0,60,0,119,65??,0,0,0,0,0,80,0,0,0,95,60,0,0,120,1600??????,160,0,70,0,75,0,134,0,
,,,,,,2420????,,3480???,,,,,3555???,,,,,,,,,,1656???,,,,,,,
,,,,,,,,,,,,,,,,,,,,,,,,,,,,,,
100,60,60,60,60,184,2550,65,3545,65,80,0,145,3610,70,60,175,60,20,0,140,1680,240,1736,90,0,105,80,214,0,15254
,,,,,,,,,,,,,,,,,,,,,,,,,,,,,,
2021/10/1,2021/10/2,2021/10/3,2021/10/4,2021/10/5,2021/10/6,2021/10/7,2021/10/8,2021/10/9,2021/10/10,2021/10/11,2021/10/12,2021/10/13,2021/10/14,2021/10/15,2021/10/16,2021/10/17,2021/10/18,2021/10/19,2021/10/20,2021/10/21,2021/10/22,2021/10/23,2021/10/24,2021/10/25,2021/10/26,2021/10/27,2021/10/28,2021/10/29,2021/10/30,2021/10/31
0,65,0,0,80,0,0,50,65,40,35,50,0,45,0,0,0,70,50,35,80,50,50,0,0,0,0,0,50,35,35
0,0,0,0,110,0,0,0,0,0,0,0,0,0,0,0,0,0,0,0,0,0,0,0,0,0,0,0,0,0,0
0,80,0,0,150,150,0,0,0,0,0,0,0,0,0,99,0,80,0,0,0,0,0,0,0,0,0,0,0,0,0
,,,,,,,,,,,,10397?????,,,,,140???,,,,,,,,,,,,,
?,?,?,?,?,?,?,?,?,?,????????,????,????????????,?,?,?,?,?,?,??????,?,?,?,? ??? ?????????,?,?,?,?,?,????,????
0,145,0,0,340,150,0,50,65,40,35,50,10397,45,0,99,0,290,50,35,80,50,50,0,0,0,0,0,50,35,35
,,,,,,,,,,,,,,,,,,,,,,,,,,,,,,
2021/11/1,2021/11/2,2021/11/3,2021/11/4,2021/11/5,2021/11/6,2021/11/7,2021/11/8,2021/11/9,2021/11/10,2021/11/11,2021/11/12,2021/11/13,2021/11/14,2021/11/15,2021/11/16,2021/11/17,2021/11/18,2021/11/19,2021/11/20,2021/11/21,2021/11/22,2021/11/23,2021/11/24,2021/11/25,2021/11/26,2021/11/27,2021/11/28,2021/11/29,2021/11/30,
159,50,80,0,40,35,0,0,145,35,85,70,0,0,0,50,70,0,35,50,0,35,0,40,50,0,70,0,55,30,
0,0,0,0,40,0,0,0,75????,0,0,0,0,0,0,0,0,0,0,0,0,0,0,0,0,0,0,0,0,0,
0,160,0,0,0,0,0,0,220??,0,0,0,0,0,0,0,200????????,0,100,0,0,0,0,0,0,0,0,0,0,0,
,,,,,,,,4551?????,??????????63750,,6000??,,,,,250???,,,,250????,,,4750 SSD,,,,,9390??1000W,,
?,?,????,?,?,?,?,?,?,?,?,?,?,? ?????,? ????? ???????,?,?,? ????? ?????,?,?,??????,?,?,?,?,?,?,?,3:30??,?,
159,210,80,0,80,35,0,0,4991,35,85,6070,0,0,0,50,520,0,135,50,250,35,0,4790,50,0,70,0,9445,30,27170
,,,,,,,,,,,,,,,,,,,,,,,,,,,,,,
2021/12/1,2021/12/2,2021/12/3,2021/12/4,2021/12/5,2021/12/6,2021/12/7,2021/12/8,2021/12/9,2021/12/10,2021/12/11,2021/12/12,2021/12/13,2021/12/14,2021/12/15,2021/12/16,2021/12/17,2021/12/18,2021/12/19,2021/12/20,2021/12/21,2021/12/22,2021/12/23,2021/12/24,2021/12/25,2021/12/26,2021/12/27,2021/12/28,2021/12/29,2021/12/30,2021/12/31
0,0,0,55,50,0,0,0,0,0,40,0,30,30,45,50,45,45,70,45,45,0,0,0,0,0,0,0,0,30,70
0,0,0,0,0,0,0,0,0,1400??,0,0,0,0,0,0,0,0,0,0,0,0,0,0,120,0,0,0,0,0,0
0,0,0,0,0,0,0,0,0,0,0,0,0,0,0,0,90,90,0,0,0,0,0,0,0,120,0,100,0,0,0
,,,,,,,,,8223?????,,,,,,,,438?????,,,750??,,450???,1880??,,,,,,,320??
?,?,?,?,????,????,? ??????????,???????????????,?,????,3???,?,?,?,?,?,?,?,?,?,??,?,?,?,?,?,?,?,?,?,?
0,0,0,55,50,0,0,0,0,9623,40,0,30,30,45,50,135,573,70,45,195,0,450,1880,120,120,0,100,0,30,390
,,,,,,,,,,,,,,,,,,,,,,,,,,,,,,
2022/1/1,2022/1/2,2022/1/3,2022/1/4,2022/1/5,2022/1/6,2022/1/7,2022/1/8,2022/1/9,2022/1/10,2022/1/11,2022/1/12,2022/1/13,2022/1/14,2022/1/15,2022/1/16,2022/1/17,2022/1/18,2022/1/19,2022/1/20,2022/1/21,2022/1/22,2022/1/23,2022/1/24,2022/1/25,2022/1/26,2022/1/27,2022/1/28,2022/1/29,2022/1/30,2022/1/31
70,70,30,0,0,0,0,0,0,30,0,0,0,30,0,35,30,35,0,35,30,35,35,35,35,0,0,0,0,0,70
0,0,0,80,0,0,0,0,0,0,0,0,0,0,0,0,0,0,0,0,0,0,0,0,0,0,0,0,65,65,0
0,0,0,65,0,119,85,149,120,0,0,0,65,90,75,0,0,60,0,0,90,0,0,0,0,0,0,0,65,0,0
,,,,,,,,,,,,14905?????,,,,,1000????,,,,,,,,355?????,,,,,
?,?,?,?,?,?,?????????,?,?,?,?,?,?,?,?,?,?,?,?,????????,?,?,? ?????????,? ??????? ???????????????,?,?,?,?,?,?,?
70,70,30,145,0,119,85,149,120,30,0,0,14965,120,75,35,30,1095,0,35,120,35,35,35,35,0,0,0,130,65,70
,,,,,,,,,,,,,,,,,,,,,,,,,,,,,,
2022/2/1,2022/2/2,2022/2/3,2022/2/4,2022/2/5,2022/2/6,2022/2/7,2022/2/8,2022/2/9,2022/2/10,2022/2/11,2022/2/12,2022/2/13,2022/2/14,2022/2/15,2022/2/16,2022/2/17,2022/2/18,2022/2/19,2022/2/20,2022/2/21,2022/2/22,2022/2/23,2022/2/24,2022/2/25,2022/2/26,2022/2/27,2022/2/28,???,??,???
70,0,65,0,0,0,0,45,45,65,45,35,80,70,35,70,35,35,35,80,35,35,35,35,35,40,0,0,21000,"12,201",0
0,0,0,0,0,0,0,0,0,0,0,0,0,0,0,0,0,0,0,0,0,0,0,0,0,0,0,0,,,???21000??
0,0,0,0,0,0,60,0,60,70,90,80,0,90,0,0,70,0,109,0,109,129,80,70,109,0,0,0,,,????52500??
,5000??????????,,,,,,440???,,,8073???,300??,200????,800????,,,,,,,,,4800???,240????,,,,,,,
?,?,?,?,?,?,?,?,?,?,?,?,?,?,?,?,?,?,?,?,?,?,?,?,?,?,?,?,,,
70,5000,65,0,0,0,60,485,105,135,8208,415,208,960,35,70,105,35,144,80,144,164,4915,345,144,40,0,0,21932,,
,,,,,,,,,,,,,,,,,,,,,,,,,,,,,,
2022/3/1,2022/3/2,2022/3/3,2022/3/4,2022/3/5,2022/3/6,2022/3/7,2022/3/8,2022/3/9,2022/3/10,2022/3/11,2022/3/12,2022/3/13,2022/3/14,2022/3/15,2022/3/16,2022/3/17,2022/3/18,2022/3/19,2022/3/20,2022/3/21,2022/3/22,2022/3/23,2022/3/24,2022/3/25,2022/3/26,2022/3/27,2022/3/28,2022/3/29,2022/3/30,2022/3/31
35,35,35,35,0,0,40,35,35,35,35,40,80,35,35,35,100,35,0,0,35,35,35,35,0,0,0,35,35,35,35
0,0,0,0,0,0,0,0,0,0,0,0,0,0,0,0,0,0,0,0,0,0,0,0,54,0,0,0,0,0,40
0,0,0,0,0,0,0,0,0,0,0,0,0,70,0,0,90,60,60,0,0,80,70,80,0,0,0,0,70,0,70
,,,,,,,,,,7000??? ????????,,,,,,2000??????,,40000????,,,,,,,815???,,,,,
??????? ????????,?,?,?,?,????,????,????,?,?,?,?,?,?,?,?,?,?,?,?,?,?,?,?,? ??,?,?,?,?,?,?
35,35,35,35,0,0,40,35,35,35,35,40,80,105,35,35,2190,95,40060,0,35,115,105,115,54,815,0,35,105,35,175
,,,,,,,,,,,,,,,,,,,,,,,,,,,,,,
2022/4/1,2022/4/2,2022/4/3,2022/4/4,2022/4/5,2022/4/6,2022/4/7,2022/4/8,2022/4/9,2022/4/10,2022/4/11,2022/4/12,2022/4/13,2022/4/14,2022/4/15,2022/4/16,2022/4/17,2022/4/18,2022/4/19,2022/4/20,2022/4/21,2022/4/22,2022/4/23,2022/4/24,2022/4/25,2022/4/26,2022/4/27,2022/4/28,2022/4/29,2022/4/30,
35,60,80,0,0,0,35,35,60,80,35,35,35,35,35,40,40,35,35,35,35,35,60,80,35,35,35,35,35,40,
0,0,0,0,0,0,0,0,0,0,0,0,0,0,0,0,0,0,0,0,0,0,0,0,0,0,0,0,0,0,
60,0,80,60,0,120,90,60,75,0,60,0,0,70,70,90,109,0,0,0,120,0,0,0,0,0,0,0,150,0,
,,,,,40???,,,,,,,6756?????,,65??,,,,,450????,250???,,,,,10500?iphone6+?sony??,,600sony???,,,
?,?,?,?,? ???,?,?,?,?,?,?,?,?,?,?,?,?,?,?,?,?,?,?,?,?,?,?,?,?,?,
195,60,160,60,0,160,125,95,135,80,95,35,6791,105,170,130,149,35,35,485,405,35,60,80,35,10535,35,635,185,40,21145
,,,,,,,,,,,,,,,,,,,,,,,,,,,,,,
2022/5/1,2022/5/2,2022/5/3,2022/5/4,2022/5/5,2022/5/6,2022/5/7,2022/5/8,2022/5/9,2022/5/10,2022/5/11,2022/5/12,2022/5/13,2022/5/14,2022/5/15,2022/5/16,2022/5/17,2022/5/18,2022/5/19,2022/5/20,2022/5/21,2022/5/22,2022/5/23,2022/5/24,2022/5/25,2022/5/26,2022/5/27,2022/5/28,2022/5/29,2022/5/30,2022/5/31
40,0,35,35,35,35,0,0,35,0,35,35,35,40,80,35,35,35,35,35,40,40,35,35,0,40,35,40,0,35,35
0,0,0,0,70,0,0,0,0,0,0,0,0,0,0,0,0,0,0,0,0,0,0,0,0,0,0,0,0,0,0
150,0,0,70,0,0,0,0,0,0,0,0,0,0,0,0,0,0,0,80,100??,100,100,100,100,0,90,0,0,90,0
5000???,2000??,525????,,,,20000????,,5265?????,,,,264000?????,,,,684????,,,,500??,,660??,,,,,,,,
?,?,?,?,?,?,?,?,? ????,? ????,? ??sogo,? ??,? ??,? ?????,?,? ????,? ????,? ?? ??,? ?????,? ??,? ??,? ??,? ??,? ?????,? ?????,?,? ????,?,?,? ?????,? ???
5190,2000,560,105,105,35,20000,0,5300,0,35,35,264035,40,80,35,719,35,35,115,640,140,695,135,100,40,125,40,0,125,35
,,,,,,,,,,,,,,,,,,,,,,,,,,,,,,
2022/6/1,2022/6/2,2022/6/3,2022/6/4,2022/6/5,2022/6/6,2022/6/7,2022/6/8,2022/6/9,2022/6/10,2022/6/11,2022/6/12,2022/6/13,2022/6/14,2022/6/15,2022/6/16,2022/6/17,2022/6/18,2022/6/19,2022/6/20,2022/6/21,2022/6/22,2022/6/23,2022/6/24,2022/6/25,2022/6/26,2022/6/27,2022/6/28,2022/6/29,2022/6/30,
35,35,0,40,0,0,35,35,35,35,40,40,0,0,0,35,35,60,70,35,35,35,35,35,40,40,35,35,35,35,
0,0,60,0,0,70,0,0,0,0,0,0,0,0,0,0,0,0,0,0,0,0,0,0,0,0,0,0,0,0,
0,40???,70,0,0,0,0,0,0,0,0,0,0,0,0,0,0,0,0,70,161,0,80,90,80,0,0,0,0,70,
5000???,615???,,20???,,37716?????,0,10000????,,,4511?????,,,,,2485?????,120??,31000????,450???,550 ??ï¿½3 ???20m silucon? ???,760?????,,,20 ???,270 ??? ??,20???,20???,85 ???? ???,,,
? ????,? ????,?,????? ???? ???,?,?,? ??,? ??,? ?? ??,? ??,? ???? ????,? ????,? ???,? ????,1.5 ?????,? ??,? ??,? ???,?,? ??,? ??? ??,? ??,? ??,? ??,? ??,? ??,? ??,? ?? ????,? ?????,? ??Ikea,
5035,690,130,60,0,37786,35,10035,35,35,4551,40,0,0,0,2520,155,31060,520,655,856,35,115,145,390,60,55,120,35,105,95258
,,,,,,,,,,,,,,,,,,,,,,,,,,,,,,
2022/7/1,2022/7/2,2022/7/3,2022/7/4,2022/7/5,2022/7/6,2022/7/7,2022/7/8,2022/7/9,2022/7/10,2022/7/11,2022/7/12,2022/7/13,2022/7/14,2022/7/15,2022/7/16,2022/7/17,2022/7/18,2022/7/19,2022/7/20,2022/7/21,2022/7/22,2022/7/23,2022/7/24,2022/7/25,2022/7/26,2022/7/27,2022/7/28,2022/7/29,2022/7/30,2022/7/31
0,40,40,30,50,0,0,50,0,0,0,0,0,40,40,40,0,55,50,0,0,0,40,0,80,0,0,20,30,0,80
0,0,80,70,70,0,0,0,70,0,0,0,80,0,0,0,0,90,0,0,0,40,0,0,0,0,0,70,80,0,0
70,0,0,70,70,90,70,129,70,0,70,70,0,70,70,70,140,0,0,70,75,80,0,0,70,70,0,0,0,100,75
13000????,5000???,220??,34000????,2900 18?,3900??? ???????,1591 ??,,100??,,,,,,,,,,,32900????,41680????,,,,13800?????,44000????,,,16800 ?????,,
?,?,?,?,?,?,?,?,?,?,?,?,?,?,?,?,?,?,?,?,?,?,?,?,?,?,?,?,?,?,?
13070,5040,340,34170,3090,3990,1661,179,240,0,70,70,80,110,110,110,140,145,50,32970,41755,120,40,0,13950,44070,0,90,16910,100,155
,,,,,,,,,,,,,,,,,,,,,,,,,,,,,,
2022/8/1,2022/8/2,2022/8/3,2022/8/4,2022/8/5,2022/8/6,2022/8/7,2022/8/8,2022/8/9,2022/8/10,2022/8/11,2022/8/12,2022/8/13,2022/8/14,2022/8/15,2022/8/16,2022/8/17,2022/8/18,2022/8/19,2022/8/20,2022/8/21,2022/8/22,2022/8/23,2022/8/24,2022/8/25,2022/8/26,2022/8/27,2022/8/28,2022/8/29,2022/8/30,2022/8/31
65,80,20,0,0,75,0,30,30,30,30,45,75,0,55,45,60,75,75,55,75,0,50,50,50,0,0,0,0,100,0
0,0,0,0,0,0,0,0,0,0,0,0,0,0,0,0,0,0,0,0,0,105,80,0,0,0,0,0,0,0,0
0,60,0,0,125,0,85,0,0,0,0,0,0,0,0,70,0,0,80,0,0,99,0,0,80,0,0,250,0,0,0
5000???,5000????,,,,3308????,250???,5526?????,,299,,,,,,,,,,,,,,,,,,,,,
?,?,?,?,?,?,?,?,?,?,?,?,?,?,?,?,?,?,?,?,?,?,?,?,?,?,?,?,?,?,?
5065,5140,20,0,125,3383,335,5556,30,329,30,45,75,0,55,115,60,75,155,55,75,195,130,50,130,0,0,250,0,100,0
,,,,,,,,,,,,,,,,,,,,,,,,,,,,,,
2022/9/1,2022/9/2,2022/9/3,2022/9/4,2022/9/5,2022/9/6,2022/9/7,2022/9/8,2022/9/9,2022/9/10,2022/9/11,2022/9/12,2022/9/13,2022/9/14,2022/9/15,2022/9/16,2022/9/17,2022/9/18,2022/9/19,2022/9/20,2022/9/21,2022/9/22,2022/9/23,2022/9/24,2022/9/25,2022/9/26,2022/9/27,2022/9/28,2022/9/29,2022/9/30,
35,35,0,0,0,0,0,50,0,85,0,0,0,50,0,0,0,190??,0,0,0,0,0,0,0,0,0,0,0,0,
0,0,0,0,0,0,0,200,0,0,0,0,0,0,0,0,0,0,0,0,0,0,0,0,0,0,0,0,0,0,
0,0,0,0,0,0,0,300,0,0,0,90,850,75,95,0,0,0,100,70,210,0,0,0,0,0,0,0,80,0,
,,,,,150??,1250??,,,,,,100,7076?????,106?????,,,1050??,100000??,,5000???,,,,,,,100?????,,300??,
?,?,?,?,?,?,??,??,?,?,?,??,??,??,??,??,??,?,??,??,??,?????? ??,?????? ????,?????? ??,?,??,??,??,????,????,
35,35,0,0,0,150,1250,550,0,85,0,90,950,7201,201,0,0,1240,100100,70,5210,0,0,0,0,0,0,100,80,300,117647
,,,,,,,,,,,,,,,,,,,,,,,,,,,,,,
,,,,,,,,,,,,,,,,,,,,,,,,,,,,,,
2022/10/1,2022/10/2,2022/10/3,2022/10/4,2022/10/5,2022/10/6,2022/10/7,2022/10/8,2022/10/9,2022/10/10,2022/10/11,2022/10/12,2022/10/13,2022/10/14,2022/10/15,2022/10/16,2022/10/17,2022/10/18,2022/10/19,2022/10/20,2022/10/21,2022/10/22,2022/10/23,2022/10/24,2022/10/25,2022/10/26,2022/10/27,2022/10/28,2022/10/29,2022/10/30,2022/10/31
0,0,20,20,70,30,50,50,0,40,55,45,55,50,0,0,50,65,50,50,45,40,40,40,0,50,60,50,70,0,50
0,0,0,0,0,0,0,0,90,0,0,0,0,0,0,0,130,0,0,0,0,0,0,0,0,0,0,0,0,0,50
60,0,0,0,0,70,80,0,0,0,70,0,70,0,0,0,0,0,90,0,0,70,0,0,0,0,0,0,0,0,0
250???,,210??,43110??,,1656??,,,,,280????,7021???,165?????,,,,790???,,,1075????,,240??,,,,155??,35???,,,,
?? ??,?,??,??,??,??,??,?? ?,?,???? ????,???? ????,???? ????,???? ??12?,??,??? 12?,?,12? ?? ???,?? ???,3? ????,????,????? ????,????,?? ????,?????,?????,????,3? ???,????,????,?,?????
310,0,230,43130,70,1756,130,50,90,40,405,7066,295,50,0,0,970,65,140,1125,45,350,40,40,0,205,95,50,70,0,100
,,,,,,,,,,,,,,,,,,,,,,,,,,,,,,
2022/11/1,2022/11/2,2022/11/3,2022/11/4,2022/11/5,2022/11/6,2022/11/7,2022/11/8,2022/11/9,2022/11/10,2022/11/11,2022/11/12,2022/11/13,2022/11/14,2022/11/15,2022/11/16,2022/11/17,2022/11/18,2022/11/19,2022/11/20,2022/11/21,2022/11/22,2022/11/23,2022/11/24,2022/11/25,2022/11/26,2022/11/27,2022/11/28,2022/11/29,2022/11/30,
0,0,0,0,70,40,30,0,40,40,90,40,0,20,20,50,20,40,80,40,35,45,30,30,20,0,0,40,65,55,
0,0,0,0,0,0,70,0,0,0,0,0,0,0,0,0,0,0,0,0,0,0,0,0,0,70,0,0,0,0,
0,0,0,0,0,0,95,120,80,0,0,0,0,0,0,0,70,0,0,120,0,130????,100,120,70,130,200,35,0,140,
,,,,,,,2190???,440HDMI?,8325?????,,,,,,,,,,826??? ????????,,,,,,55Geight??,,,,,
?????,?????,3? ?????,11? ????,???,?? KD,12? ?? ?????,?????,?????,?? ??? ?? ??,?,3? ??,?,????,2?? ?????,??,????,KD,????,12?????,????,3?? ?????,????,????,? ????,?,? ???,??? ???,??? ???,????,
0,0,0,0,70,40,195,2310,560,8365,90,40,0,20,20,50,90,40,80,986,35,175,130,150,90,255,200,75,65,195,14326
,,,,,,,,,,,,,,,,,,,,,,,,,,,,,,
2022/12/1,2022/12/2,2022/12/3,2022/12/4,2022/12/5,2022/12/6,2022/12/7,2022/12/8,2022/12/9,2022/12/10,2022/12/11,2022/12/12,2022/12/13,2022/12/14,2022/12/15,2022/12/16,2022/12/17,2022/12/18,2022/12/19,2022/12/20,2022/12/21,2022/12/22,2022/12/23,2022/12/24,2022/12/25,2022/12/26,2022/12/27,2022/12/28,2022/12/29,2022/12/30,2022/12/31
55,25,40,0,0,0,0,0,0,300??,0,0,0,0,0,0,0,0,0,0,0,60,110,45,0,0,0,55,45,45,0
0,0,0,70,0,0,0,0,0,600??,0,390??,0,0,0,0,0,0,0,0,0,0,0,0,299,0,39,0,0,39,0
230,0,0,0,90,90,80,0,70,80,0,120,80,80,70,0,170,0,80,80,80,70,0,70,49,80,70,70,70,299,160
,,250???,,,,,,,9056?????,,,,,,425?????,2180???,500?? ???,330????????,,,,,,,,50000??,,,,
????,????,????,?,????,????,????,????,????,?,?,? ????,? ??,????,????,??,???,?,???,???? g2000???,?? ????????,???,???,? ???,?,?????,????,???,???,? ???,????
285,25,290,70,90,90,80,0,70,10036,0,510,80,80,70,425,2350,500,410,80,80,130,110,115,348,80,50109,125,115,383,160
,,,,,,,,,,,,,,,,,,,,,,,,,,,,,,
2023/1/1,2023/1/2,2023/1/3,2023/1/4,2023/1/5,2023/1/6,2023/1/7,2023/1/8,2023/1/9,2023/1/10,2023/1/11,2023/1/12,2023/1/13,2023/1/14,2023/1/15,2023/1/16,2023/1/17,2023/1/18,2023/1/19,2023/1/20,2023/1/21,2023/1/22,2023/1/23,2023/1/24,2023/1/25,2023/1/26,2023/1/27,2023/1/28,2023/1/29,2023/1/30,2023/1/31
70,0,0,0,0,0,0,0,0,0,0,0,0,0,0,0,0,0,0,0,0,0,0,0,0,0,0,0,40,0,0
0,,0,0,0,0,0,0,0,0,0,0,0,0,0,0,0,0,0,0,0,0,0,0,0,0,0,0,0,0,0
0,70,70,80,80,70,70,0,70,140,0,70,0,90,0,0,0,120,0,0,0,0,0,0,0,0,70,70,0,80,70
,,,,,,,,,7583???,,,,998???????,,100???????????,1655 11? + 12???????? ?????????,,700???????????? ????550,,,,,,,,,,,,
?,????,?,????,????,????,????,?,????,????,? ????,? ?????,? ?????,???,?,?????,? ?????,??,?????,?,?,?,?,?,?,?,?,????,?,?????,????
70,70,70,80,80,70,70,0,70,7723,0,70,0,1088,0,100,1655,120,700,0,0,0,0,0,0,0,70,70,40,80,70
,,,,,,,,,,,,,,,,,,,,,,,,,,,,,,
2023/2/1,2023/2/2,2023/2/3,2023/2/4,2023/2/5,2023/2/6,2023/2/7,2023/2/8,2023/2/9,2023/2/10,2023/2/11,2023/2/12,2023/2/13,2023/2/14,2023/2/15,2023/2/16,2023/2/17,2023/2/18,2023/2/19,2023/2/20,2023/2/21,2023/2/22,2023/2/23,2023/2/24,2023/2/25,2023/2/26,2023/2/27,2023/2/28,,,
0,0,0,0,0,0,0,36,36,36,36,40,36,0,0,0,70,0,90,0,0,0,0,0,0,0,90,90,,,
0,0,0,0,0,0,0,0,0,0,0,0,0,0,0,0,0,0,0,0,0,0,0,0,0,299,0,60,,,
150,0,70,85,0,70,70,70,70,70,70,0,0,60,60,0,0,0,0,60,60,60,0,65,0,0,0,105,,,
50000??,,,,,,,,,89318???????,,,,,,,,,,,,60???,,,,,,,,,
????,???,???,???,?,???,????,???,???,???,???,?,?? ???,KD,3:40KD,???511,????,????,?,????,?? ????,???511,???511,???511,? ???511,?,?,?? ????,,,
50150,0,70,80,0,70,70,106,106,89354,106,40,36,60,60,0,70,0,90,60,60,120,0,65,0,299,90,255,141417,,
,,,,,,,,,,,,,,,,,,,,,,,,,,,,,,
2023/3/1,2023/3/2,2023/3/3,2023/3/4,2023/3/5,2023/3/6,2023/3/7,2023/3/8,2023/3/9,2023/3/10,2023/3/11,2023/3/12,2023/3/13,2023/3/14,2023/3/15,2023/3/16,2023/3/17,2023/3/18,2023/3/19,2023/3/20,2023/3/21,2023/3/22,2023/3/23,2023/3/24,2023/3/25,2023/3/26,2023/3/27,2023/3/28,2023/3/29,2023/3/30,2023/3/31
0,0,0,0,90,0,0,55,0,40,75,0,40,40,0,0,0,0,0,0,0,0,40,0,60,45,0,0,0,0,0
60,0,0,0,0,0,0,0,0,0,0,0,0,80,0,0,0,60,0,0,0,0,0,0,60,0,60,0,0,0,0
0,0,0,0,0,80,80,80,60,0,60,0,80,105,60,60,105,115,0,0,0,60,60,0,0,0,60,0,0,0,65
,,,,,,,,,6671?????,,,,,,,,,,,,30???,,,,,,,,,
?,KD,???103,? ???551,?,? ????A11,????A11,????,???,????,?,?,????,? ????,?? ???,?,?,?,??,??skectchers,??skectchers,???? ???,?? ????,?,?,?,?,??????,??????,??????,?????? ???
60,0,0,0,90,80,80,135,60,6711,135,0,120,225,60,60,105,175,0,0,0,90,100,0,120,45,120,0,0,0,65
,,,,,,,,,,,,,,,,,,,,,,,,,,,,,,
2023/4/1,2023/4/2,2023/4/3,2023/4/4,2023/4/5,2023/4/6,2023/4/7,2023/4/8,2023/4/9,2023/4/10,2023/4/11,2023/4/12,2023/4/13,2023/4/14,2023/4/15,2023/4/16,2023/4/17,2023/4/18,2023/4/19,2023/4/20,2023/4/21,2023/4/22,2023/4/23,2023/4/24,2023/4/25,2023/4/26,2023/4/27,2023/4/28,2023/4/29,2023/4/30,
0,0,0,0,0,0,0,0,40,0,0,30,40,0,0,0,0,0,0,0,0,80,0,0,40,50,0,0,0,0,
0,0,0,0,0,0,0,0,0,0,0,0,0,0,0,0,0,0,0,0,0,0,0,0,197,60,0,0,100,0,
0,0,0,0,0,60,294,0,0,60,0,120,0,0,60,0,0,0,0,0,0,0,0,236,0,0,155,0,0,0,
,,,250???,,,,,,,11588???,40000??,110??,,,,110 ???,300????,,,,,,,,,,,2350?????????,,
? ?????? ???,?,?,?,?,???,?,?,? ??????,? ???,? ???,? ???????,? ????,? ????,? ????,?,? ???,? ??? ??,? ????,? ???,? ???,? ????,? ???,???,? ?? ??,?,?,?,? ????,?,
0,0,0,250,0,60,294,0,40,60,11588,40150,150,0,60,0,110,300,0,0,0,80,0,236,237,110,155,0,2650,0,56530
,,,,,,,,,,,,,,,,,,,,,,,,,,,,,,
2023/5/1,2023/5/2,2023/5/3,2023/5/4,2023/5/5,2023/5/6,2023/5/7,2023/5/8,2023/5/9,2023/5/10,2023/5/11,2023/5/12,2023/5/13,2023/5/14,2023/5/15,2023/5/16,2023/5/17,2023/5/18,2023/5/19,2023/5/20,2023/5/21,2023/5/22,2023/5/23,2023/5/24,2023/5/25,2023/5/26,2023/5/27,2023/5/28,2023/5/29,2023/5/30,2023/5/31
0,50,0,0,0,75,45,0,0,0,0,0,0,0,40,80,0,0,40,40,40,0,0,0,0,0,40,0,0,40,40
0,0,0,0,0,0,0,0,80??,0,0,0,0,60,0,0,0,0,0,0,0,0,0,0,0,0,0,0,0,0,0
80,80,0,0,0,0,0,0,315???,0,0,0,0,0,0,0,0,0,0,80,0,0,0,0,0,0,0,0,0,0,0
,,,,,,,,92000???,6145????,,,,,,,,,,,,100??????,20???,,,,,,,,
?,?,? ????,? ????,? ????,? ????,?,? ????,?,? ????,? ????,? ???,? ???,? ??,? ????,? ????,? ????,? ????,? ????,? ????,? ????,? ????,1.5 ????,1.5 ????,1.5 ????,? ????,? ????,? ????,?,? ??,? ??
80,130,0,0,0,75,45,0,92395,6145,0,0,0,60,40,80,0,0,40,120,40,100,20,0,0,0,40,0,0,40,40
,,,,,,,,,,,,,,,,,,,,,,,,,,,,,,
2023/6/1,2023/6/2,2023/6/3,2023/6/4,2023/6/5,2023/6/6,2023/6/7,2023/6/8,2023/6/9,2023/6/10,2023/6/11,2023/6/12,2023/6/13,2023/6/14,2023/6/15,2023/6/16,2023/6/17,2023/6/18,2023/6/19,2023/6/20,2023/6/21,2023/6/22,2023/6/23,2023/6/24,2023/6/25,2023/6/26,2023/6/27,2023/6/28,2023/6/29,2023/6/30,
0,0,0,0,0,0,0,65,0,0,0,0,0,0,0,0,0,0,0,0,0,0,0,0,0,0,0,0,40,0,
0,0,0,0,0,0,80,0,0,0,0,80,0,0,0,0,0,0,0,0,0,0,0,0,0,0,0,0,0,0,
0,168,168,0,80,60,80,72,0,0,0,80,95,68,80,60,0,230,0,70,0,0,155,80,80,80,0,0,0,0,
,,250???,,,,,,,6253????,,,300?????,,,,,,,,230???,,,,,,,,,,
? ????,? ???,? ??,?,? ??,? ????,?,? ??,1.5 ?????,?,?,?,?,?,? ??,? ??,?,? ??,? ?? ??,?,? ??,?,?,? ??,?,? ???,?,? ??,? ??,?,
0,168,418,0,80,60,160,137,0,6253,0,160,395,68,80,60,0,230,0,70,230,0,155,80,80,80,0,0,40,0,9004
,,,,,,,,,,,,,,,,,,,,,,,,,,,,,,
2023/7/1,2023/7/2,2023/7/3,2023/7/4,2023/7/5,2023/7/6,2023/7/7,2023/7/8,2023/7/9,2023/7/10,2023/7/11,2023/7/12,2023/7/13,2023/7/14,2023/7/15,2023/7/16,2023/7/17,2023/7/18,2023/7/19,2023/7/20,2023/7/21,2023/7/22,2023/7/23,2023/7/24,2023/7/25,2023/7/26,2023/7/27,2023/7/28,2023/7/29,2023/7/30,2023/7/31
0,0,45,0,0,45,45,0,0,0,0,0,45,0,0,0,0,0,0,0,0,45,0,0,0,0,20,0,0,0,45
0,0,0,0,0,0,80,0,0,0,0,0,0,0,0,0,0,0,0,??? 295,0,0,0,0,80,0,0,0,0,0,0
0,0,70,80,0,80,168,0,0,0,0,80,60,168,0,0,0,0,0,0,0,299,0,0,0,0,0,0,0,0,0
,,,,,550??,,762????,,,5285?????,,,,,,,,,,,,,50????,,,,,,,
?,?,? ???,? ???,? ??,? ??,? ??,?,?,?,?,? ??,? ????,?,?,?,?,?,? ?????,? ?? ?????828,? ???,?,?,? ?????,? ?????,? ??,? ??,? ??,? ??,? ??,? ?????
0,0,115,80,0,675,293,762,0,0,5285,80,105,168,0,0,0,0,0,295,0,344,0,50,80,0,20,0,0,0,45
,,,,,,,,,,,,,,,,,,,,,,,,,,,,,,
2023/8/1,2023/8/2,2023/8/3,2023/8/4,2023/8/5,2023/8/6,2023/8/7,2023/8/8,2023/8/9,2023/8/10,2023/8/11,2023/8/12,2023/8/13,2023/8/14,2023/8/15,2023/8/16,2023/8/17,2023/8/18,2023/8/19,2023/8/20,2023/8/21,2023/8/22,2023/8/23,2023/8/24,2023/8/25,2023/8/26,2023/8/27,2023/8/28,2023/8/29,2023/8/30,2023/8/31
0,0,90,0,45,0,45,45,0,50,100,0,0,0,0,0,0,0,0,0,0,45,0,0,0,25,0,0,45,0,0
0,0,0,0,0,0,0,0,0,0,0,168,0,0,0,0,0,0,0,0,0,0,0,0,0,0,0,0,0,0,0
0,0,0,0,0,0,0,80,70,0,0,0,0,0,80,0,0,0,0,0,80,80,80,80,80,80,0,80,0,0,0
100???,,83????,2180???,75???,,20 ???,,,,7611???,5000????,,,,50??????,50 ok?,,,205 ??,50000??,,,150 ?????,100??,,,,,,
? ??,?,?,? ??,? ????,?,? ????,? ????,? ??,? ??,? ??,?,?,?,? ??,? ??,? ??,? ??,? ??,?,? ???,? ???,? ???? ??,?,?,? ??? ?? ?????,? ?? ????,? ???,? ???,? ???,? ?? ??????
100,0,90,2180,120,0,65,125,70,0,7711,5168,0,,80,50,50,0,0,185,50080,80,80,230,180,105,0,80,45,0,0
,,,,,,,,,,,,,,,,,,,,,,,,,,,,,,
2023/9/1,2023/9/2,2023/9/3,2023/9/4,2023/9/5,2023/9/6,2023/9/7,2023/9/8,2023/9/9,2023/9/10,2023/9/11,2023/9/12,2023/9/13,2023/9/14,2023/9/15,2023/9/16,2023/9/17,2023/9/18,2023/9/19,2023/9/20,2023/9/21,2023/9/22,2023/9/23,2023/9/24,2023/9/25,2023/9/26,2023/9/27,2023/9/28,2023/9/29,2023/9/30,
0,45,50,0,0,0,0,45,45,0,0,65,0,55,0,0,0,45,0,0,0,45,0,0,45,0,0,45,0,0,
0,0,0,0,0,0,0,0,0,0,0,0,0,50,0,80,0,0,0,0,0,0,0,0,80,45,0,0,0,0,
0,0,0,0,80,0,0,50,199,0,0,0,0,0,0,0,220,0,0,0,0,80,80,0,0,0,0,0,0,0,
,65 ???????,,,,80 ?????,,,,,5168 ?????,,250???,440??,,,,100??? ??,,,,,,,,,,,1190??????,,
? ???,? ???,?,? ????,? ???? ???,1.5 ???? ??????,? ??????,? ????,? ???? ?????,?,? ??? ???,? ????,1.5 ????,? ???,? ???,? ????,?,1.2 ????,? ????,? ???,? ???,? ???,? ????,?,? ????,0.7 ???,? ???,? ????,?,? ????,
0,120,50,0,80,80,0,95,244,0,5168,65,250,545,0,80,220,145,0,0,0,125,80,0,125,45,0,45,0,0,7562
,,,,,,,,,,,,,,,,,,,,,,,,,,,,,,
2023/10/1,2023/10/2,2023/10/3,2023/10/4,2023/10/5,2023/10/6,2023/10/7,2023/10/8,2023/10/9,2023/10/10,2023/10/11,2023/10/12,2023/10/13,2023/10/14,2023/10/15,2023/10/16,2023/10/17,2023/10/18,2023/10/19,2023/10/20,2023/10/21,2023/10/22,2023/10/23,2023/10/24,2023/10/25,2023/10/26,2023/10/27,2023/10/28,2023/10/29,2023/10/30,2023/10/31
0,0,0,25,25,0,30,0,45,0,0,0,45,45,0,40,0,0,45,0,45,65,45,0,45,55,0,0,0,0,45
0,0,25,0,0,0,0,0,0,0,139,0,0,0,0,0,0,0,0,0,0,0,0,0,0,0,80,0,0,0,0
0,0,0,80,80,119,251,0,0,0,0,0,0,100,0,0,0,0,60,0,0,0,0,0,0,0,0,0,0,0,80
,,,,270 ??????,,,,,,7243?????,,,,,,,,,20???,,,,70 ???,,,100 Donation,,,,
? ????,? ????,? ????,? ????,? ????,? ?? ?? ????,? ????,?,? ??,?,?,? ?????,? ?? ????,1.2 ?????,? ?????,? ???,? ???,? ??,? ??,? ??,? ??,?,? ??,? ??,? ???? ???? ??,? ??? ???,? ??? ?? ??,?,?,? ????,? ????
0,0,25,105,375,119,281,0,45,0,7382,0,45,145,0,40,0,0,105,20,45,65,45,70,45,55,180,0,0,0,125
,,,,,,,,,,,,,,,,,,,,,,,,,,,,,,
2023/11/1,2023/11/2,2023/11/3,2023/11/4,2023/11/5,2023/11/6,2023/11/7,2023/11/8,2023/11/9,2023/11/10,2023/11/11,2023/11/12,2023/11/13,2023/11/14,2023/11/15,2023/11/16,2023/11/17,2023/11/18,2023/11/19,2023/11/20,2023/11/21,2023/11/22,2023/11/23,2023/11/24,2023/11/25,2023/11/26,2023/11/27,2023/11/28,2023/11/29,2023/11/30,
0,0,0,0,0,0,0,0,0,0,0,0,0,0,0,0,0,0,0,0,0,0,0,0,0,0,60,0,0,0,
80,0,0,0,0,0,0,0,0,0,0,0,0,0,0,0,0,0,0,0,0,0,85,0,0,0,0,0,0,0,
0,80,80,0,0,80,0,0,170,0,80,0,80,80,0,0,80,299,0,150,130,80,80,80,132,0,0,0,0,0,
250??,,,,,6762 ????? ???,10 ????,,,8587?????,,,,,,,,,,,10??,50??,,,,,,,200??,,
?,?,?,?,?,?,?,? ????,? ????,? ????,? ????,? ????,? ????,? ????,? ????,? ????,? ????,? ????,?,? ????,? ????,? ????,? ????,? ????,? ????,?,? ??????,? ??????,? ??????,? ??????,
330,80,80,0,0,6842,10,0,170,8587,80,0,80,80,0,0,80,299,0,150,140,130,165,80,132,0,60,0,200,0,17775
,,,,,,,,,,,,,,,,,,,,,,,,,,,,,,
2023/12/1,2023/12/2,2023/12/3,2023/12/4,2023/12/5,2023/12/6,2023/12/7,2023/12/8,2023/12/9,2023/12/10,2023/12/11,2023/12/12,2023/12/13,2023/12/14,2023/12/15,2023/12/16,2023/12/17,2023/12/18,2023/12/19,2023/12/20,2023/12/21,2023/12/22,2023/12/23,2023/12/24,2023/12/25,2023/12/26,2023/12/27,2023/12/28,2023/12/29,2023/12/30,2023/12/31
0,0,0,0,0,0,0,0,0,10,0,0,0,0,0,0,0,0,0,0,0,0,0,0,0,0,0,0,0,0,0
0,0,0,0,0,0,0,0,0,0,0,0,0,0,0,0,0,0,0,0,0,0,0,0,0,0,0,15,0,60,0
0,0,0,0,90,90,90,90,0,0,70,0,90,90,100,90,0,90,90,0,90,0,100,0,90,90,150,256??,250???,0,0
,,285???,,110??,3000????,,110??,30000????,,13899?????,70??,,421 ??,75??,,,90??,200 ??,,,100??,,,100??,,100??,2060???,1189???? ???,,
? ??????,? ??????,1.2 ??????,? ??????,? ??????,1.1??????,?? ??????,?? ??????,?? ??????,?,?? ??????,?? ??????,1? ??????,1? ??????,1? ??????,1? ??????,?,0.5? ?????,1? ??????,1? ??????,1? ??????,0.5? ??????,?,1? ??????,1? ??????,1? ??????,0.5? ??????,??,??,??,??
0,0,285,0,200,90,90,200,0,10,13969,70,90,511,175,90,0,180,290,0,90,190,100,0,190,90,250,2316,1439,60,0
,,,,,,,,,,,,,,,,,,,,,,,,,,,,,,
2024/1/1,2024/1/2,2024/1/3,2024/1/4,2024/1/5,2024/1/6,2024/1/7,2024/1/8,2024/1/9,2024/1/10,2024/1/11,2024/1/12,2024/1/13,2024/1/14,2024/1/15,2024/1/16,2024/1/17,2024/1/18,2024/1/19,2024/1/20,2024/1/21,2024/1/22,2024/1/23,2024/1/24,2024/1/25,2024/1/26,2024/1/27,2024/1/28,2024/1/29,2024/1/30,2024/1/31
0,0,0,0,0,0,0,0,0,0,0,0,50,0,0,0,55,75,0,0,0,0,50,50,0,0,0,60,0,100,0
0,0,0,0,0,0,0,0,0,0,0,80,0,0,0,0,0,0,490,80,0,0,0,0,0,80,70,0,0,0,0
0,185,0,0,0,0,0,0,0,80,470???,80,70,0,0,80,0,80,0,0,730,0,80,610,0,0,0,75,80,75,75
,,,215 ??? ???,190 ???,770 ???,,,,180??,3490 ?? ?? ????,,,8882???,,,,,499???,,,,,,,,,,,1189????,
?,?,1? ????,1? ????,1? ????,1? ????? ????,?,1? ????,1? ????,1? ????,1? ??,?,?,?,?,?,?,?,?,?,?,?,?,?,?,?,?,?,?,?,?
0,185,0,215,190,770,0,0,0,260,3960,160,120,8882,0,80,55,155,989,80,730,0,130,660,0,80,70,135,80,1364,70
,,,,,,,,,,,,,,,,,,,,,,,,,,,,,,
2024/2/1,2024/2/2,2024/2/3,2024/2/4,2024/2/5,2024/2/6,2024/2/7,2024/2/8,2024/2/9,2024/2/10,2024/2/11,2024/2/12,2024/2/13,2024/2/14,2024/2/15,2024/2/16,2024/2/17,2024/2/18,2024/2/19,2024/2/20,2024/2/21,2024/2/22,2024/2/23,2024/2/24,2024/2/25,2024/2/26,2024/2/27,2024/2/28,2024/2/29,???,??
0,60,0,100,0,60,45,70,100,178,90,90,80,115,0,70,0,0,0,0,0,90,0,0,95,0,0,80,80,30000,"604,984 "
0,0,0,0,80,0,0,0,0,0,0,200,0,0,80,90,0,60,0,0,0,0,0,229,50???,4690???,0,0,0,,???30000??
80,130,70,620,0,0,80,0,0,0,0,210,0,190,550,0,0,0,90,0,80,0,0,0,500???,690??,80,0,0,,5000?????
,,,,,,,,,,,,,,9438?????,,,250???,,,,,,70???,,,,,155,,
?,?,?,?,?,?,?,?,?,?,?,?,?,?,?,?,?,?,?,? ??,? ??,? ???,? ??,? ??????,?,? ????,? ??,? ??,? ??,,
80,190,70,720,80,60,125,70,100,178,90,500,80,305,10068,160,0,310,90,0,80,90,0,299,645,5380,80,80,235,20165,
,,,,,,,,,,,,,,,,,,,,,,,,,,,,,,
2024/3/1,2024/3/2,2024/3/3,2024/3/4,2024/3/5,2024/3/6,2024/3/7,2024/3/8,2024/3/9,2024/3/10,2024/3/11,2024/3/12,2024/3/13,2024/3/14,2024/3/15,2024/3/16,2024/3/17,2024/3/18,2024/3/19,2024/3/20,2024/3/21,2024/3/22,2024/3/23,2024/3/24,2024/3/25,2024/3/26,2024/3/27,2024/3/28,2024/3/29,2024/3/30,2024/3/31
60,0,0,0,0,0,0,80,0,0,0,0,0,0,0,0,0,0,60,0,50,40,40,0,40,60,85,85,0,0,0
0,0,0,0,0,0,0,0,9,0,0,0,0,0,0,0,88,0,0,0,0,0,0,0,0,0,0,0,0,0,0
80,0,0,0,0,0,0,60,520,0,0,600??,0,140 ????,80,132,199,0,80,80,80,80,0,0,80,0,0,0,0,399,220
,,,850??????,,,430????,,400???,,,5819 ?????,,150?????,1213????,,132????,,,,,,,,100 ??????,,,,,,
? ?? ??,? ??,?,? ??,? ??,? ??,? ??,? ??,? ??,?,? ????,? ??,? ????,? ??,? ??,? ??,?,? ??,? ??,? ??,? ??,? ??,? ??,?,? ??,? ??,? ??,? ????,? ??,? ??,?
130,0,0,850,0,0,430,140,929,0,0,6419,0,290,1293,132,419,0,130,80,130,120,40,0,220,60,85,85,0,399,220
,,,,,,,,,,,,,,,,,,,,,,,,,,,,,,
2024/4/1,2024/4/2,2024/4/3,2024/4/4,2024/4/5,2024/4/6,2024/4/7,2024/4/8,2024/4/9,2024/4/10,2024/4/11,2024/4/12,2024/4/13,2024/4/14,2024/4/15,2024/4/16,2024/4/17,2024/4/18,2024/4/19,2024/4/20,2024/4/21,2024/4/22,2024/4/23,2024/4/24,2024/4/25,2024/4/26,2024/4/27,2024/4/28,2024/4/29,2024/4/30,
0,0,0,0,0,0,125,0,0,0,0,40,0,0,100,0,0,55,0,0,0,0,0,0,0,0,0,0,0,0,
0,0,0,0,0,238,75,0,0,0,0,0,0,0,0,0,0,0,0,0,0,0,0,0,0,0,0,0,0,0,
129,80,80,0,0,211,170,1000 ??? ??,80,139,80,170,190,0,80,110,0,80,190,250???,235,190,80,0,0,0,0,130,0,0,
900 ???? ?? ????,2372 ????,,,1200????,,2745 ??????,,,7416 ?????,120???,,,,,1413??,,,,,2373????????,,,,,,,,1000????,,
? ??,? ??,? ??,? ??,? ??,?,?,? ??,? ??,? ??,? ??,? ??,? ??,?,? ??,? ??,? ??,? ??,? ??,? ??,?,? ??,? ??,? ??,? ??,? ??,? ??,?,? ??,? ??,
1029,2452,80,0,1200,449,3115,1000,80,7555,200,210,190,0,180,1523,0,135,190,250,2610,190,80,0,0,0,0,130,1000,0,23848
,,,,,,,,,,,,,,,,,,,,,,,,,,,,,,
2024/5/1,2024/5/2,2024/5/3,2024/5/4,2024/5/5,2024/5/6,2024/5/7,2024/5/8,2024/5/9,2024/5/10,2024/5/11,2024/5/12,2024/5/13,2024/5/14,2024/5/15,2024/5/16,2024/5/17,2024/5/18,2024/5/19,2024/5/20,2024/5/21,2024/5/22,2024/5/23,2024/5/24,2024/5/25,2024/5/26,2024/5/27,2024/5/28,2024/5/29,2024/5/30,2024/5/31
55,65,55,0,0,0,55,0,35,35,0,0,0,55,0,30,30,0,0,30,30,65,65,90,30,0,30,70,65,30,30
0,0,0,0,0,0,0,0,0,0,0,0,0,0,0,0,0,0,0,0,0,0,0,0,85,0,0,0,0,0,0
90,80,130,0,231,75,140,185,0,80,298,0,75,0,130,75,0,0,0,0,0,0,0,80,80,824,80,80,0,80,0
,,,,,,,,31549???????,8050 ??0050?50?,,,,255 ????,40??,,1100??? ??,,,,,,,,,,,,,,935??
? ??,? ??,? ??,? ??,?,? ??,? ??,?,? ??,? ??,? ??,?,? ??,? ??,? ??,? ??,? ??,? ??,?,? ??,? ??,? ??,? ??,? ??,? ??,?,? ??,? ????,? ????,? ??,? ??
145,135,185,0,231,75,195,185,31584,8165,298,0,75,310,170,105,1130,0,0,30,30,65,6,170,195,824,110,150,65,110,965
,,,,,,,,,,,,,,,,,,,,,,,,,,,,,,
2024/6/1,2024/6/2,2024/6/3,2024/6/4,2024/6/5,2024/6/6,2024/6/7,2024/6/8,2024/6/9,2024/6/10,2024/6/11,2024/6/12,2024/6/13,2024/6/14,2024/6/15,2024/6/16,2024/6/17,2024/6/18,2024/6/19,2024/6/20,2024/6/21,2024/6/22,2024/6/23,2024/6/24,2024/6/25,2024/6/26,2024/6/27,2024/6/28,2024/6/29,2024/6/30,
30,0,30,0,30,0,60,0,0,0,60,40,40,0,0,0,40,40,0,0,40,0,85,0,30,30,40,40,70,75,
0,0,0,0,0,0,0,0,0,0,80,0,0,0,0,0,0,0,0,68,0,0,40,0,30,0,0,0,0,40,
0,85,80,80,0,80,0,0,75,0,75,80,0,80,680 ????,130,90,80,80,80,80,80,85,80,80,0,80,80,80,85,
2375???? ???,???????? ????3400 3680??? ??????,,,,,,,,430?? ??? ????,100??,14019?????,,,250???,,,,,,,,,,,600?????,,,,,
? ??,?,? ??,? ??,? ??,? ??,? ??,? ??,?,? ??,? ????,? ??,? ??,? ??,? ??,?,? ??,? ??,? ??,? ??,? ??,? ??,?,? ??,? ??,? ??,? ??,? ??,? ??,?,
2405,85,110,80,30,80,60,0,75,430,315,14139,40,80,930,130,130,120,80,138,120,80,210,80,140,630,120,120,150,125,21232
,,,,,,,,,,,,,,,,,,,,,,,,,,,,,,
2024/7/1,2024/7/2,2024/7/3,2024/7/4,2024/7/5,2024/7/6,2024/7/7,2024/7/8,2024/7/9,2024/7/10,2024/7/11,2024/7/12,2024/7/13,2024/7/14,2024/7/15,2024/7/16,2024/7/17,2024/7/18,2024/7/19,2024/7/20,2024/7/21,2024/7/22,2024/7/23,2024/7/24,2024/7/25,2024/7/26,2024/7/27,2024/7/28,2024/7/29,2024/7/30,2024/7/31
75,0,0,0,0,0,0,0,0,0,0,55,0,0,0,40,75,45,45,0,0,45,45,0,0,45,75,0,0,0,0
0,80,0,0,0,130,0,0,0,130,70,0,80,0,140,80,90,80,100,0,140,100,100,0,85,160,0,100,100,110,80
80,0,80,100,80,60,130,85,90,70,70,0,110,0,85,85,110,80,0,0,0,0,0,0,0,0,0,0,0,0,0
300????,3900 ????????,,,,,100????,7303????,,,,1500???,,,,,,,,1652???,,,,,597 ?????,,,167??,,,
?,?,?,?,?,?,?,?,?,?,?,? ????,,,,,,,,,,,,,,,,,,,
455,,,,,,,,,,,,,,,,,,,,,,,,,,,,,,
,,,,,,,,,,,,,,,,,,,,,,,,,,,,,,
2024/8/1,2024/8/2,2024/8/3,2024/8/4,2024/8/5,2024/8/6,2024/8/7,2024/8/8,2024/8/9,2024/8/10,2024/8/11,2024/8/12,2024/8/13,2024/8/14,2024/8/15,2024/8/16,2024/8/17,2024/8/18,2024/8/19,2024/8/20,2024/8/21,2024/8/22,2024/8/23,2024/8/24,2024/8/25,2024/8/26,2024/8/27,2024/8/28,2024/8/29,2024/8/30,2024/8/31
0,0,0,0,0,0,0,0,0,0,0,0,40,25,0,0,0,0,,,,,,,,,,,,,
75,80,90,60,80,80,80,90,150,0,80,120,120,80,105,90,85,120,,,,,,,,,,,,,
0,0,35,0,0,110,0,184 ??,0,0,0,0,0,0,149,0,190,140,,,,,,,,,,,,,
,2375 ????????,,250???,,,,8724???????,,,,,,,,,,,,,,,,,,,,,,,
?,,,,,,,,,,,,,,,,,,,,,,,,,,,,,,
75,,,,,,,,,,,,,,,,,,,,,,,,,,,,,,
,,,,,,,,,,,,,,,,,,,,,,,,,,,,,,
,,,,,,,,,,,,,,,,,,,,,,,,,,,,,,
,,,,,,,,,,,,,,,,,,,,,,,,,,,,,,
,,,,,,,,,,,,,,,,,,,,,,,,,,,,,,
,,,,,,,,,,,,,,,,,,,,,,,,,,,,,,
,,,,,,,,,,,,,,,,,,,,,,,,,,,,,,
,,,,,,,,,,,,,,,,,,,,,,,,,,,,,,
,,,,,,,,,,,,,,,,,,,,,,,,,,,,,,
,,,,,,,,,,,,,,,,,,,,,,,,,,,,,,
,,,,,,,,,,,,,,,,,,,,,,,,,,,,,,
,,,,,,,,,,,,,,,,,,,,,,,,,,,,,,
,,,,,,,,,,,,,,,,,,,,,,,,,,,,,,
,,,,,,,,,,,,,,,,,,,,,,,,,,,,,,
,,,,,,,,,,,,,,,,,,,,,,,,,,,,,,
,,,,,,,,,,,,,,,,,,,,,,,,,,,,,,
,,,,,,,,,,,,,,,,,,,,,,,,,,,,,,
,,,,,,,,,,,,,,,,,,,,,,,,,,,,,,
,,,,,,,,,,,,,,,,,,,,,,,,,,,,,,
,,,,,,,,,,,,,,,,,,,,,,,,,,,,,,
,,,,,,,,,,,,,,,,,,,,,,,,,,,,,,
,,,,,,,,,,,,,,,,,,,,,,,,,,,,,,
,,,,,,,,,,,,,,,,,,,,,,,,,,,,,,
,,,,,,,,,,,,,,,,,,,,,,,,,,,,,,
,,,,,,,,,,,,,,,,,,,,,,,,,,,,,,
,,,,,,,,,,,,,,,,,,,,,,,,,,,,,,
,,,,,,,,,,,,,,,,,,,,,,,,,,,,,,
,,,,,,,,,,,,,,,,,,,,,,,,,,,,,,
,,,,,,,,,,,,,,,,,,,,,,,,,,,,,,
,,,,,,,,,,,,,,,,,,,,,,,,,,,,,,
,,,,,,,,,,,,,,,,,,,,,,,,,,,,,,
,,,,,,,,,,,,,,,,,,,,,,,,,,,,,,
,,,,,,,,,,,,,,,,,,,,,,,,,,,,,,
,,,,,,,,,,,,,,,,,,,,,,,,,,,,,,
,,,,,,,,,,,,,,,,,,,,,,,,,,,,,,
,,,,,,,,,,,,,,,,,,,,,,,,,,,,,,
,,,,,,,,,,,,,,,,,,,,,,,,,,,,,,
,,,,,,,,,,,,,,,,,,,,,,,,,,,,,,
,,,,,,,,,,,,,,,,,,,,,,,,,,,,,,
,,,,,,,,,,,,,,,,,,,,,,,,,,,,,,
,,,,,,,,,,,,,,,,,,,,,,,,,,,,,,
,,,,,,,,,,,,,,,,,,,,,,,,,,,,,,
,,,,,,,,,,,,,,,,,,,,,,,,,,,,,,
,,,,,,,,,,,,,,,,,,,,,,,,,,,,,,
,,,,,,,,,,,,,,,,,,,,,,,,,,,,,,
,,,,,,,,,,,,,,,,,,,,,,,,,,,,,,
,,,,,,,,,,,,,,,,,,,,,,,,,,,,,,
,,,,,,,,,,,,,,,,,,,,,,,,,,,,,,
,,,,,,,,,,,,,,,,,,,,,,,,,,,,,,
,,,,,,,,,,,,,,,,,,,,,,,,,,,,,,
,,,,,,,,,,,,,,,,,,,,,,,,,,,,,,
,,,,,,,,,,,,,,,,,,,,,,,,,,,,,,
,,,,,,,,,,,,,,,,,,,,,,,,,,,,,,
,,,,,,,,,,,,,,,,,,,,,,,,,,,,,,
,,,,,,,,,,,,,,,,,,,,,,,,,,,,,,
,,,,,,,,,,,,,,,,,,,,,,,,,,,,,,
,,,,,,,,,,,,,,,,,,,,,,,,,,,,,,
,,,,,,,,,,,,,,,,,,,,,,,,,,,,,,
,,,,,,,,,,,,,,,,,,,,,,,,,,,,,,
,,,,,,,,,,,,,,,,,,,,,,,,,,,,,,
,,,,,,,,,,,,,,,,,,,,,,,,,,,,,,
,,,,,,,,,,,,,,,,,,,,,,,,,,,,,,
,,,,,,,,,,,,,,,,,,,,,,,,,,,,,,
,,,,,,,,,,,,,,,,,,,,,,,,,,,,,,
,,,,,,,,,,,,,,,,,,,,,,,,,,,,,,
,,,,,,,,,,,,,,,,,,,,,,,,,,,,,,
,,,,,,,,,,,,,,,,,,,,,,,,,,,,,,
,,,,,,,,,,,,,,,,,,,,,,,,,,,,,,
,,,,,,,,,,,,,,,,,,,,,,,,,,,,,,
,,,,,,,,,,,,,,,,,,,,,,,,,,,,,,
,,,,,,,,,,,,,,,,,,,,,,,,,,,,,,
,,,,,,,,,,,,,,,,,,,,,,,,,,,,,,
,,,,,,,,,,,,,,,,,,,,,,,,,,,,,,
,,,,,,,,,,,,,,,,,,,,,,,,,,,,,,
,,,,,,,,,,,,,,,,,,,,,,,,,,,,,,
,,,,,,,,,,,,,,,,,,,,,,,,,,,,,,
,,,,,,,,,,,,,,,,,,,,,,,,,,,,,,
,,,,,,,,,,,,,,,,,,,,,,,,,,,,,,
,,,,,,,,,,,,,,,,,,,,,,,,,,,,,,
,,,,,,,,,,,,,,,,,,,,,,,,,,,,,,
,,,,,,,,,,,,,,,,,,,,,,,,,,,,,,
,,,,,,,,,,,,,,,,,,,,,,,,,,,,,,
,,,,,,,,,,,,,,,,,,,,,,,,,,,,,,
,,,,,,,,,,,,,,,,,,,,,,,,,,,,,,
,,,,,,,,,,,,,,,,,,,,,,,,,,,,,,
,,,,,,,,,,,,,,,,,,,,,,,,,,,,,,
,,,,,,,,,,,,,,,,,,,,,,,,,,,,,,
,,,,,,,,,,,,,,,,,,,,,,,,,,,,,,
,,,,,,,,,,,,,,,,,,,,,,,,,,,,,,
,,,,,,,,,,,,,,,,,,,,,,,,,,,,,,
,,,,,,,,,,,,,,,,,,,,,,,,,,,,,,
,,,,,,,,,,,,,,,,,,,,,,,,,,,,,,
,,,,,,,,,,,,,,,,,,,,,,,,,,,,,,
,,,,,,,,,,,,,,,,,,,,,,,,,,,,,,
,,,,,,,,,,,,,,,,,,,,,,,,,,,,,,
,,,,,,,,,,,,,,,,,,,,,,,,,,,,,,
,,,,,,,,,,,,,,,,,,,,,,,,,,,,,,
,,,,,,,,,,,,,,,,,,,,,,,,,,,,,,
,,,,,,,,,,,,,,,,,,,,,,,,,,,,,,
,,,,,,,,,,,,,,,,,,,,,,,,,,,,,,
,,,,,,,,,,,,,,,,,,,,,,,,,,,,,,
,,,,,,,,,,,,,,,,,,,,,,,,,,,,,,
,,,,,,,,,,,,,,,,,,,,,,,,,,,,,,
,,,,,,,,,,,,,,,,,,,,,,,,,,,,,,
,,,,,,,,,,,,,,,,,,,,,,,,,,,,,,
,,,,,,,,,,,,,,,,,,,,,,,,,,,,,,
,,,,,,,,,,,,,,,,,,,,,,,,,,,,,,
,,,,,,,,,,,,,,,,,,,,,,,,,,,,,,
,,,,,,,,,,,,,,,,,,,,,,,,,,,,,,
,,,,,,,,,,,,,,,,,,,,,,,,,,,,,,
,,,,,,,,,,,,,,,,,,,,,,,,,,,,,,
,,,,,,,,,,,,,,,,,,,,,,,,,,,,,,
,,,,,,,,,,,,,,,,,,,,,,,,,,,,,,
,,,,,,,,,,,,,,,,,,,,,,,,,,,,,,
,,,,,,,,,,,,,,,,,,,,,,,,,,,,,,
,,,,,,,,,,,,,,,,,,,,,,,,,,,,,,
,,,,,,,,,,,,,,,,,,,,,,,,,,,,,,
,,,,,,,,,,,,,,,,,,,,,,,,,,,,,,
,,,,,,,,,,,,,,,,,,,,,,,,,,,,,,
,,,,,,,,,,,,,,,,,,,,,,,,,,,,,,
,,,,,,,,,,,,,,,,,,,,,,,,,,,,,,
,,,,,,,,,,,,,,,,,,,,,,,,,,,,,,
,,,,,,,,,,,,,,,,,,,,,,,,,,,,,,
,,,,,,,,,,,,,,,,,,,,,,,,,,,,,,
,,,,,,,,,,,,,,,,,,,,,,,,,,,,,,
,,,,,,,,,,,,,,,,,,,,,,,,,,,,,,
,,,,,,,,,,,,,,,,,,,,,,,,,,,,,,
,,,,,,,,,,,,,,,,,,,,,,,,,,,,,,
,,,,,,,,,,,,,,,,,,,,,,,,,,,,,,
,,,,,,,,,,,,,,,,,,,,,,,,,,,,,,
,,,,,,,,,,,,,,,,,,,,,,,,,,,,,,
,,,,,,,,,,,,,,,,,,,,,,,,,,,,,,
,,,,,,,,,,,,,,,,,,,,,,,,,,,,,,
,,,,,,,,,,,,,,,,,,,,,,,,,,,,,,
,,,,,,,,,,,,,,,,,,,,,,,,,,,,,,
,,,,,,,,,,,,,,,,,,,,,,,,,,,,,,
,,,,,,,,,,,,,,,,,,,,,,,,,,,,,,
,,,,,,,,,,,,,,,,,,,,,,,,,,,,,,
,,,,,,,,,,,,,,,,,,,,,,,,,,,,,,
,,,,,,,,,,,,,,,,,,,,,,,,,,,,,,
,,,,,,,,,,,,,,,,,,,,,,,,,,,,,,
,,,,,,,,,,,,,,,,,,,,,,,,,,,,,,
,,,,,,,,,,,,,,,,,,,,,,,,,,,,,,
,,,,,,,,,,,,,,,,,,,,,,,,,,,,,,
,,,,,,,,,,,,,,,,,,,,,,,,,,,,,,
,,,,,,,,,,,,,,,,,,,,,,,,,,,,,,
,,,,,,,,,,,,,,,,,,,,,,,,,,,,,,
,,,,,,,,,,,,,,,,,,,,,,,,,,,,,,
,,,,,,,,,,,,,,,,,,,,,,,,,,,,,,
,,,,,,,,,,,,,,,,,,,,,,,,,,,,,,
,,,,,,,,,,,,,,,,,,,,,,,,,,,,,,
,,,,,,,,,,,,,,,,,,,,,,,,,,,,,,
,,,,,,,,,,,,,,,,,,,,,,,,,,,,,,
,,,,,,,,,,,,,,,,,,,,,,,,,,,,,,
,,,,,,,,,,,,,,,,,,,,,,,,,,,,,,
,,,,,,,,,,,,,,,,,,,,,,,,,,,,,,
,,,,,,,,,,,,,,,,,,,,,,,,,,,,,,
,,,,,,,,,,,,,,,,,,,,,,,,,,,,,,
,,,,,,,,,,,,,,,,,,,,,,,,,,,,,,
,,,,,,,,,,,,,,,,,,,,,,,,,,,,,,
,,,,,,,,,,,,,,,,,,,,,,,,,,,,,,
,,,,,,,,,,,,,,,,,,,,,,,,,,,,,,
,,,,,,,,,,,,,,,,,,,,,,,,,,,,,,
,,,,,,,,,,,,,,,,,,,,,,,,,,,,,,
,,,,,,,,,,,,,,,,,,,,,,,,,,,,,,
,,,,,,,,,,,,,,,,,,,,,,,,,,,,,,
,,,,,,,,,,,,,,,,,,,,,,,,,,,,,,
,,,,,,,,,,,,,,,,,,,,,,,,,,,,,,
,,,,,,,,,,,,,,,,,,,,,,,,,,,,,,
,,,,,,,,,,,,,,,,,,,,,,,,,,,,,,
,,,,,,,,,,,,,,,,,,,,,,,,,,,,,,
,,,,,,,,,,,,,,,,,,,,,,,,,,,,,,
,,,,,,,,,,,,,,,,,,,,,,,,,,,,,,
,,,,,,,,,,,,,,,,,,,,,,,,,,,,,,
,,,,,,,,,,,,,,,,,,,,,,,,,,,,,,
,,,,,,,,,,,,,,,,,,,,,,,,,,,,,,
,,,,,,,,,,,,,,,,,,,,,,,,,,,,,,
,,,,,,,,,,,,,,,,,,,,,,,,,,,,,,
,,,,,,,,,,,,,,,,,,,,,,,,,,,,,,
,,,,,,,,,,,,,,,,,,,,,,,,,,,,,,
,,,,,,,,,,,,,,,,,,,,,,,,,,,,,,
,,,,,,,,,,,,,,,,,,,,,,,,,,,,,,
,,,,,,,,,,,,,,,,,,,,,,,,,,,,,,
,,,,,,,,,,,,,,,,,,,,,,,,,,,,,,
,,,,,,,,,,,,,,,,,,,,,,,,,,,,,,
,,,,,,,,,,,,,,,,,,,,,,,,,,,,,,
,,,,,,,,,,,,,,,,,,,,,,,,,,,,,,
,,,,,,,,,,,,,,,,,,,,,,,,,,,,,,
,,,,,,,,,,,,,,,,,,,,,,,,,,,,,,
,,,,,,,,,,,,,,,,,,,,,,,,,,,,,,
,,,,,,,,,,,,,,,,,,,,,,,,,,,,,,
,,,,,,,,,,,,,,,,,,,,,,,,,,,,,,
,,,,,,,,,,,,,,,,,,,,,,,,,,,,,,
,,,,,,,,,,,,,,,,,,,,,,,,,,,,,,
,,,,,,,,,,,,,,,,,,,,,,,,,,,,,,
,,,,,,,,,,,,,,,,,,,,,,,,,,,,,,
,,,,,,,,,,,,,,,,,,,,,,,,,,,,,,
,,,,,,,,,,,,,,,,,,,,,,,,,,,,,,
,,,,,,,,,,,,,,,,,,,,,,,,,,,,,,
,,,,,,,,,,,,,,,,,,,,,,,,,,,,,,
,,,,,,,,,,,,,,,,,,,,,,,,,,,,,,
,,,,,,,,,,,,,,,,,,,,,,,,,,,,,,
,,,,,,,,,,,,,,,,,,,,,,,,,,,,,,
,,,,,,,,,,,,,,,,,,,,,,,,,,,,,,
,,,,,,,,,,,,,,,,,,,,,,,,,,,,,,
,,,,,,,,,,,,,,,,,,,,,,,,,,,,,,
,,,,,,,,,,,,,,,,,,,,,,,,,,,,,,
,,,,,,,,,,,,,,,,,,,,,,,,,,,,,,
,,,,,,,,,,,,,,,,,,,,,,,,,,,,,,
,,,,,,,,,,,,,,,,,,,,,,,,,,,,,,
,,,,,,,,,,,,,,,,,,,,,,,,,,,,,,
,,,,,,,,,,,,,,,,,,,,,,,,,,,,,,
,,,,,,,,,,,,,,,,,,,,,,,,,,,,,,
,,,,,,,,,,,,,,,,,,,,,,,,,,,,,,
,,,,,,,,,,,,,,,,,,,,,,,,,,,,,,
,,,,,,,,,,,,,,,,,,,,,,,,,,,,,,
,,,,,,,,,,,,,,,,,,,,,,,,,,,,,,
,,,,,,,,,,,,,,,,,,,,,,,,,,,,,,
,,,,,,,,,,,,,,,,,,,,,,,,,,,,,,
,,,,,,,,,,,,,,,,,,,,,,,,,,,,,,
,,,,,,,,,,,,,,,,,,,,,,,,,,,,,,
,,,,,,,,,,,,,,,,,,,,,,,,,,,,,,
,,,,,,,,,,,,,,,,,,,,,,,,,,,,,,
,,,,,,,,,,,,,,,,,,,,,,,,,,,,,,
,,,,,,,,,,,,,,,,,,,,,,,,,,,,,,
,,,,,,,,,,,,,,,,,,,,,,,,,,,,,,
,,,,,,,,,,,,,,,,,,,,,,,,,,,,,,
,,,,,,,,,,,,,,,,,,,,,,,,,,,,,,
,,,,,,,,,,,,,,,,,,,,,,,,,,,,,,
,,,,,,,,,,,,,,,,,,,,,,,,,,,,,,
,,,,,,,,,,,,,,,,,,,,,,,,,,,,,,
,,,,,,,,,,,,,,,,,,,,,,,,,,,,,,
,,,,,,,,,,,,,,,,,,,,,,,,,,,,,,
,,,,,,,,,,,,,,,,,,,,,,,,,,,,,,
,,,,,,,,,,,,,,,,,,,,,,,,,,,,,,
,,,,,,,,,,,,,,,,,,,,,,,,,,,,,,
,,,,,,,,,,,,,,,,,,,,,,,,,,,,,,
,,,,,,,,,,,,,,,,,,,,,,,,,,,,,,
,,,,,,,,,,,,,,,,,,,,,,,,,,,,,,
,,,,,,,,,,,,,,,,,,,,,,,,,,,,,,
,,,,,,,,,,,,,,,,,,,,,,,,,,,,,,
,,,,,,,,,,,,,,,,,,,,,,,,,,,,,,
,,,,,,,,,,,,,,,,,,,,,,,,,,,,,,
,,,,,,,,,,,,,,,,,,,,,,,,,,,,,,
,,,,,,,,,,,,,,,,,,,,,,,,,,,,,,
,,,,,,,,,,,,,,,,,,,,,,,,,,,,,,
,,,,,,,,,,,,,,,,,,,,,,,,,,,,,,
,,,,,,,,,,,,,,,,,,,,,,,,,,,,,,
,,,,,,,,,,,,,,,,,,,,,,,,,,,,,,
,,,,,,,,,,,,,,,,,,,,,,,,,,,,,,
,,,,,,,,,,,,,,,,,,,,,,,,,,,,,,
,,,,,,,,,,,,,,,,,,,,,,,,,,,,,,
,,,,,,,,,,,,,,,,,,,,,,,,,,,,,,
,,,,,,,,,,,,,,,,,,,,,,,,,,,,,,
,,,,,,,,,,,,,,,,,,,,,,,,,,,,,,
,,,,,,,,,,,,,,,,,,,,,,,,,,,,,,
,,,,,,,,,,,,,,,,,,,,,,,,,,,,,,
,,,,,,,,,,,,,,,,,,,,,,,,,,,,,,
,,,,,,,,,,,,,,,,,,,,,,,,,,,,,,
,,,,,,,,,,,,,,,,,,,,,,,,,,,,,,
,,,,,,,,,,,,,,,,,,,,,,,,,,,,,,
,,,,,,,,,,,,,,,,,,,,,,,,,,,,,,
,,,,,,,,,,,,,,,,,,,,,,,,,,,,,,
,,,,,,,,,,,,,,,,,,,,,,,,,,,,,,
,,,,,,,,,,,,,,,,,,,,,,,,,,,,,,
,,,,,,,,,,,,,,,,,,,,,,,,,,,,,,
,,,,,,,,,,,,,,,,,,,,,,,,,,,,,,
,,,,,,,,,,,,,,,,,,,,,,,,,,,,,,
,,,,,,,,,,,,,,,,,,,,,,,,,,,,,,
,,,,,,,,,,,,,,,,,,,,,,,,,,,,,,
,,,,,,,,,,,,,,,,,,,,,,,,,,,,,,
,,,,,,,,,,,,,,,,,,,,,,,,,,,,,,
,,,,,,,,,,,,,,,,,,,,,,,,,,,,,,
,,,,,,,,,,,,,,,,,,,,,,,,,,,,,,
,,,,,,,,,,,,,,,,,,,,,,,,,,,,,,
,,,,,,,,,,,,,,,,,,,,,,,,,,,,,,
,,,,,,,,,,,,,,,,,,,,,,,,,,,,,,
,,,,,,,,,,,,,,,,,,,,,,,,,,,,,,
,,,,,,,,,,,,,,,,,,,,,,,,,,,,,,
,,,,,,,,,,,,,,,,,,,,,,,,,,,,,,
,,,,,,,,,,,,,,,,,,,,,,,,,,,,,,
,,,,,,,,,,,,,,,,,,,,,,,,,,,,,,
,,,,,,,,,,,,,,,,,,,,,,,,,,,,,,
,,,,,,,,,,,,,,,,,,,,,,,,,,,,,,
,,,,,,,,,,,,,,,,,,,,,,,,,,,,,,
,,,,,,,,,,,,,,,,,,,,,,,,,,,,,,
,,,,,,,,,,,,,,,,,,,,,,,,,,,,,,
,,,,,,,,,,,,,,,,,,,,,,,,,,,,,,
,,,,,,,,,,,,,,,,,,,,,,,,,,,,,,
,,,,,,,,,,,,,,,,,,,,,,,,,,,,,,
,,,,,,,,,,,,,,,,,,,,,,,,,,,,,,
,,,,,,,,,,,,,,,,,,,,,,,,,,,,,,
,,,,,,,,,,,,,,,,,,,,,,,,,,,,,,
,,,,,,,,,,,,,,,,,,,,,,,,,,,,,,
,,,,,,,,,,,,,,,,,,,,,,,,,,,,,,
,,,,,,,,,,,,,,,,,,,,,,,,,,,,,,
,,,,,,,,,,,,,,,,,,,,,,,,,,,,,,
,,,,,,,,,,,,,,,,,,,,,,,,,,,,,,
,,,,,,,,,,,,,,,,,,,,,,,,,,,,,,
,,,,,,,,,,,,,,,,,,,,,,,,,,,,,,
,,,,,,,,,,,,,,,,,,,,,,,,,,,,,,
,,,,,,,,,,,,,,,,,,,,,,,,,,,,,,
,,,,,,,,,,,,,,,,,,,,,,,,,,,,,,
,,,,,,,,,,,,,,,,,,,,,,,,,,,,,,
,,,,,,,,,,,,,,,,,,,,,,,,,,,,,,
,,,,,,,,,,,,,,,,,,,,,,,,,,,,,,
,,,,,,,,,,,,,,,,,,,,,,,,,,,,,,
,,,,,,,,,,,,,,,,,,,,,,,,,,,,,,
,,,,,,,,,,,,,,,,,,,,,,,,,,,,,,
,,,,,,,,,,,,,,,,,,,,,,,,,,,,,,
,,,,,,,,,,,,,,,,,,,,,,,,,,,,,,
,,,,,,,,,,,,,,,,,,,,,,,,,,,,,,
,,,,,,,,,,,,,,,,,,,,,,,,,,,,,,
,,,,,,,,,,,,,,,,,,,,,,,,,,,,,,
,,,,,,,,,,,,,,,,,,,,,,,,,,,,,,
,,,,,,,,,,,,,,,,,,,,,,,,,,,,,,
,,,,,,,,,,,,,,,,,,,,,,,,,,,,,,
,,,,,,,,,,,,,,,,,,,,,,,,,,,,,,
,,,,,,,,,,,,,,,,,,,,,,,,,,,,,,
,,,,,,,,,,,,,,,,,,,,,,,,,,,,,,
,,,,,,,,,,,,,,,,,,,,,,,,,,,,,,
,,,,,,,,,,,,,,,,,,,,,,,,,,,,,,
,,,,,,,,,,,,,,,,,,,,,,,,,,,,,,
,,,,,,,,,,,,,,,,,,,,,,,,,,,,,,
,,,,,,,,,,,,,,,,,,,,,,,,,,,,,,
,,,,,,,,,,,,,,,,,,,,,,,,,,,,,,
,,,,,,,,,,,,,,,,,,,,,,,,,,,,,,
,,,,,,,,,,,,,,,,,,,,,,,,,,,,,,
,,,,,,,,,,,,,,,,,,,,,,,,,,,,,,
,,,,,,,,,,,,,,,,,,,,,,,,,,,,,,
,,,,,,,,,,,,,,,,,,,,,,,,,,,,,,
,,,,,,,,,,,,,,,,,,,,,,,,,,,,,,
,,,,,,,,,,,,,,,,,,,,,,,,,,,,,,
,,,,,,,,,,,,,,,,,,,,,,,,,,,,,,
,,,,,,,,,,,,,,,,,,,,,,,,,,,,,,
,,,,,,,,,,,,,,,,,,,,,,,,,,,,,,
,,,,,,,,,,,,,,,,,,,,,,,,,,,,,,
,,,,,,,,,,,,,,,,,,,,,,,,,,,,,,
,,,,,,,,,,,,,,,,,,,,,,,,,,,,,,
,,,,,,,,,,,,,,,,,,,,,,,,,,,,,,
,,,,,,,,,,,,,,,,,,,,,,,,,,,,,,
,,,,,,,,,,,,,,,,,,,,,,,,,,,,,,
,,,,,,,,,,,,,,,,,,,,,,,,,,,,,,
,,,,,,,,,,,,,,,,,,,,,,,,,,,,,,
,,,,,,,,,,,,,,,,,,,,,,,,,,,,,,
,,,,,,,,,,,,,,,,,,,,,,,,,,,,,,
,,,,,,,,,,,,,,,,,,,,,,,,,,,,,,
,,,,,,,,,,,,,,,,,,,,,,,,,,,,,,
,,,,,,,,,,,,,,,,,,,,,,,,,,,,,,
,,,,,,,,,,,,,,,,,,,,,,,,,,,,,,
,,,,,,,,,,,,,,,,,,,,,,,,,,,,,,
,,,,,,,,,,,,,,,,,,,,,,,,,,,,,,
,,,,,,,,,,,,,,,,,,,,,,,,,,,,,,
,,,,,,,,,,,,,,,,,,,,,,,,,,,,,,
,,,,,,,,,,,,,,,,,,,,,,,,,,,,,,
,,,,,,,,,,,,,,,,,,,,,,,,,,,,,,
,,,,,,,,,,,,,,,,,,,,,,,,,,,,,,
,,,,,,,,,,,,,,,,,,,,,,,,,,,,,,
,,,,,,,,,,,,,,,,,,,,,,,,,,,,,,
,,,,,,,,,,,,,,,,,,,,,,,,,,,,,,
,,,,,,,,,,,,,,,,,,,,,,,,,,,,,,
,,,,,,,,,,,,,,,,,,,,,,,,,,,,,,
,,,,,,,,,,,,,,,,,,,,,,,,,,,,,,
,,,,,,,,,,,,,,,,,,,,,,,,,,,,,,
,,,,,,,,,,,,,,,,,,,,,,,,,,,,,,
,,,,,,,,,,,,,,,,,,,,,,,,,,,,,,
,,,,,,,,,,,,,,,,,,,,,,,,,,,,,,
,,,,,,,,,,,,,,,,,,,,,,,,,,,,,,
,,,,,,,,,,,,,,,,,,,,,,,,,,,,,,
,,,,,,,,,,,,,,,,,,,,,,,,,,,,,,
,,,,,,,,,,,,,,,,,,,,,,,,,,,,,,
,,,,,,,,,,,,,,,,,,,,,,,,,,,,,,
,,,,,,,,,,,,,,,,,,,,,,,,,,,,,,
,,,,,,,,,,,,,,,,,,,,,,,,,,,,,,
,,,,,,,,,,,,,,,,,,,,,,,,,,,,,,
,,,,,,,,,,,,,,,,,,,,,,,,,,,,,,
,,,,,,,,,,,,,,,,,,,,,,,,,,,,,,
,,,,,,,,,,,,,,,,,,,,,,,,,,,,,,
,,,,,,,,,,,,,,,,,,,,,,,,,,,,,,
